2025-09-12 16:27:52,156 - INFO - Dash is running on http://127.0.0.1:8050/

2025-09-12 16:49:27,522 - INFO - Dash is running on http://127.0.0.1:8050/

2025-09-12 16:51:10,974 - INFO - Dash is running on http://127.0.0.1:8050/

2025-09-12 17:04:50,180 - INFO - Dash is running on http://127.0.0.1:8050/

2025-09-12 17:14:40,835 - INFO - Dash is running on http://127.0.0.1:8050/

2025-09-12 17:19:05,354 - INFO - Dash is running on http://127.0.0.1:8050/

2025-09-12 17:20:35,261 - INFO - \U0001f527 Aplicando padronizações de vendas...
2025-09-12 17:20:37,850 - INFO - \u2705 Padronizações aplicadas. Shape final: (56742, 19)
2025-09-12 17:20:38,582 - INFO - \U0001f527 Aplicando padronizações de vendas...
2025-09-12 17:20:38,929 - INFO - \U0001f527 Aplicando padronizações de vendas...
2025-09-12 17:20:49,753 - INFO - \u2705 Padronizações aplicadas. Shape final: (56742, 19)
2025-09-12 17:20:49,898 - INFO - \u2705 Padronizações aplicadas. Shape final: (56742, 19)
2025-09-12 17:20:50,868 - INFO - \U0001f527 Aplicando padronizações de vendas...
2025-09-12 17:20:51,112 - INFO - \U0001f527 Aplicando padronizações de vendas...
2025-09-12 17:20:58,111 - INFO - \u2705 Padronizações aplicadas. Shape final: (56742, 19)
2025-09-12 17:20:58,200 - INFO - \u2705 Padronizações aplicadas. Shape final: (56742, 19)
2025-09-12 17:29:02,176 - INFO - \U0001f527 Aplicando padronizações de vendas...
2025-09-12 17:29:06,773 - INFO - \u2705 Padronizações aplicadas. Shape final: (56742, 19)
2025-09-12 17:31:27,323 - INFO - Dash is running on http://127.0.0.1:8050/

2025-09-12 17:33:54,785 - INFO - \U0001f527 Aplicando padronizações de vendas...
2025-09-12 17:33:58,308 - INFO - \u2705 Padronizações aplicadas. Shape final: (56742, 19)
2025-09-12 17:34:04,553 - INFO - \U0001f527 Aplicando padronizações de vendas...
2025-09-12 17:34:05,038 - INFO - \U0001f527 Aplicando padronizações de vendas...
2025-09-12 17:34:05,640 - INFO - \U0001f527 Aplicando padronizações de vendas...
2025-09-12 17:34:09,988 - INFO - \U0001f527 Aplicando padronizações de vendas...
2025-09-12 17:34:15,632 - INFO - \u2705 Padronizações aplicadas. Shape final: (56742, 19)
2025-09-12 17:34:17,132 - INFO - \u2705 Padronizações aplicadas. Shape final: (56742, 19)
2025-09-12 17:34:18,482 - INFO - \u2705 Padronizações aplicadas. Shape final: (56742, 19)
2025-09-12 17:34:19,414 - INFO - \U0001f527 Aplicando padronizações de vendas...
2025-09-12 17:34:20,206 - INFO - \u2705 Padronizações aplicadas. Shape final: (56742, 19)
2025-09-12 17:34:23,652 - INFO - \u2705 Padronizações aplicadas. Shape final: (56742, 19)
2025-09-12 17:34:23,845 - INFO - Dash is running on http://127.0.0.1:8050/

2025-09-12 17:40:37,852 - INFO - \U0001f527 Aplicando padronizações de vendas...
2025-09-12 17:40:43,525 - INFO - \u2705 Padronizações aplicadas. Shape final: (56742, 19)
2025-09-12 17:41:21,904 - INFO - Dash is running on http://127.0.0.1:8050/

2025-09-12 17:43:34,027 - INFO - Dash is running on http://127.0.0.1:8050/

2025-09-12 17:44:12,323 - INFO - \U0001f527 Aplicando padronizações de vendas...
2025-09-12 17:44:16,701 - INFO - \u2705 Padronizações aplicadas. Shape final: (56742, 19)
2025-09-12 17:44:29,853 - INFO - \U0001f527 Aplicando padronizações de vendas...
2025-09-12 17:44:32,580 - INFO - \U0001f527 Aplicando padronizações de vendas...
2025-09-12 17:44:33,311 - INFO - \u2705 Padronizações aplicadas. Shape final: (56742, 19)
2025-09-12 17:44:33,505 - INFO - \U0001f527 Aplicando padronizações de vendas...
2025-09-12 17:44:39,301 - INFO - \u2705 Padronizações aplicadas. Shape final: (56742, 19)
2025-09-12 17:44:39,892 - INFO - \u2705 Padronizações aplicadas. Shape final: (56742, 19)
2025-09-12 17:44:40,631 - INFO - \U0001f527 Aplicando padronizações de vendas...
2025-09-12 17:44:40,631 - INFO - \U0001f527 Aplicando padronizações de vendas...
2025-09-12 17:44:47,279 - INFO - \u2705 Padronizações aplicadas. Shape final: (56742, 19)
2025-09-12 17:44:47,414 - INFO - \u2705 Padronizações aplicadas. Shape final: (56742, 19)
2025-09-12 17:45:04,882 - INFO - \U0001f527 Aplicando padronizações de cotações...
2025-09-12 17:45:04,882 - INFO - \u2705 Padronizações aplicadas. Shape final: (15281, 9)
2025-09-12 17:45:04,924 - INFO - \U0001f527 Aplicando padronizações de cotações...
2025-09-12 17:45:04,924 - INFO - \u2705 Padronizações aplicadas. Shape final: (15281, 9)
2025-09-12 17:47:54,126 - INFO - \U0001f527 Aplicando padronizações de vendas...
2025-09-12 17:47:57,580 - INFO - \u2705 Padronizações aplicadas. Shape final: (56742, 19)
2025-09-12 17:52:04,045 - INFO - Dash is running on http://127.0.0.1:8050/

2025-09-12 17:53:09,125 - INFO - \U0001f527 Aplicando padronizações de vendas...
2025-09-12 17:53:12,462 - INFO - \u2705 Padronizações aplicadas. Shape final: (56742, 19)
2025-09-12 17:53:30,249 - INFO - \U0001f527 Aplicando padronizações de vendas...
2025-09-12 17:53:32,140 - INFO - \U0001f527 Aplicando padronizações de vendas...
2025-09-12 17:53:33,184 - INFO - \U0001f527 Aplicando padronizações de vendas...
2025-09-12 17:53:33,359 - INFO - \U0001f527 Aplicando padronizações de vendas...
2025-09-12 17:53:39,246 - INFO - \u2705 Padronizações aplicadas. Shape final: (56742, 19)
2025-09-12 17:53:40,652 - INFO - \U0001f527 Aplicando padronizações de vendas...
2025-09-12 17:53:49,308 - INFO - \u2705 Padronizações aplicadas. Shape final: (56742, 19)
2025-09-12 17:53:49,996 - INFO - \u2705 Padronizações aplicadas. Shape final: (56742, 19)
2025-09-12 17:53:50,930 - INFO - \u2705 Padronizações aplicadas. Shape final: (56742, 19)
2025-09-12 17:53:51,868 - INFO - \u2705 Padronizações aplicadas. Shape final: (56742, 19)
2025-09-12 17:54:05,103 - INFO - \U0001f527 Aplicando padronizações de vendas...
2025-09-12 17:54:08,344 - INFO - \u2705 Padronizações aplicadas. Shape final: (56742, 19)
2025-09-12 17:54:24,989 - INFO - \U0001f527 Aplicando padronizações de vendas...
2025-09-12 17:54:25,029 - INFO - \U0001f527 Aplicando padronizações de vendas...
2025-09-12 17:54:27,014 - INFO - \U0001f527 Aplicando padronizações de vendas...
2025-09-12 17:54:32,490 - INFO - \u2705 Padronizações aplicadas. Shape final: (56742, 19)
2025-09-12 17:54:34,490 - INFO - \u2705 Padronizações aplicadas. Shape final: (56742, 19)
2025-09-12 17:54:35,037 - INFO - \U0001f527 Aplicando padronizações de vendas...
2025-09-12 17:54:35,731 - INFO - \u2705 Padronizações aplicadas. Shape final: (56742, 19)
2025-09-12 17:54:40,225 - INFO - \u2705 Padronizações aplicadas. Shape final: (56742, 19)
2025-09-12 17:54:40,878 - INFO - \U0001f527 Aplicando padronizações de vendas...
2025-09-12 17:54:44,951 - INFO - \u2705 Padronizações aplicadas. Shape final: (56742, 19)
2025-09-12 17:55:00,215 - INFO - \U0001f527 Aplicando padronizações de cotações...
2025-09-12 17:55:00,216 - INFO - \u2705 Padronizações aplicadas. Shape final: (15281, 9)
2025-09-12 17:58:18,750 - INFO - \U0001f527 Aplicando padronizações de vendas...
2025-09-12 17:58:21,490 - INFO - \u2705 Padronizações aplicadas. Shape final: (56742, 19)
2025-09-12 17:58:21,571 - INFO - \U0001f527 Aplicando padronizações de cotações...
2025-09-12 17:58:21,571 - INFO - \u2705 Padronizações aplicadas. Shape final: (15281, 9)
2025-09-12 18:01:37,505 - INFO - \U0001f527 Aplicando padronizações de vendas...
2025-09-12 18:01:40,960 - INFO - \u2705 Padronizações aplicadas. Shape final: (56742, 19)
2025-09-12 18:01:41,377 - INFO - \U0001f527 Aplicando padronizações de vendas...
2025-09-12 18:01:45,368 - INFO - \u2705 Padronizações aplicadas. Shape final: (56742, 19)
2025-09-12 18:03:54,015 - INFO - \U0001f527 Aplicando padronizações de vendas...
2025-09-12 18:03:58,795 - INFO - \u2705 Padronizações aplicadas. Shape final: (56742, 19)
2025-09-12 18:06:53,330 - INFO - \U0001f527 Aplicando padronizações de vendas...
2025-09-12 18:06:57,616 - INFO - \u2705 Padronizações aplicadas. Shape final: (56742, 19)
2025-09-12 18:08:20,770 - INFO - \U0001f527 Aplicando padronizações de vendas...
2025-09-12 18:08:25,694 - INFO - \u2705 Padronizações aplicadas. Shape final: (56742, 19)
2025-09-12 18:08:26,528 - INFO - \U0001f527 Aplicando padronizações de vendas...
2025-09-12 18:08:31,155 - INFO - \u2705 Padronizações aplicadas. Shape final: (56742, 19)
2025-09-12 18:08:38,116 - INFO - \U0001f527 Aplicando padronizações de vendas...
2025-09-12 18:08:42,202 - INFO - \u2705 Padronizações aplicadas. Shape final: (56742, 19)
2025-09-12 18:08:42,875 - INFO - \U0001f527 Aplicando padronizações de vendas...
2025-09-12 18:08:46,883 - INFO - \u2705 Padronizações aplicadas. Shape final: (56742, 19)
2025-09-12 18:09:38,130 - INFO - \U0001f527 Aplicando padronizações de vendas...
2025-09-12 18:09:42,826 - INFO - \u2705 Padronizações aplicadas. Shape final: (56742, 19)
2025-09-12 18:09:43,289 - INFO - \U0001f527 Aplicando padronizações de vendas...
2025-09-12 18:09:46,031 - INFO - \u2705 Padronizações aplicadas. Shape final: (56742, 19)
2025-09-12 18:09:59,652 - INFO - Dash is running on http://127.0.0.1:8050/

2025-09-12 18:11:07,256 - INFO - Dash is running on http://127.0.0.1:8050/

2025-09-12 18:11:40,409 - INFO - \U0001f527 Aplicando padronizações de vendas...
2025-09-12 18:11:43,513 - INFO - \u2705 Padronizações aplicadas. Shape final: (56742, 19)
2025-09-12 18:12:01,642 - INFO - \U0001f527 Aplicando padronizações de vendas...
2025-09-12 18:12:05,161 - INFO - \U0001f527 Aplicando padronizações de vendas...
2025-09-12 18:12:05,864 - INFO - \U0001f527 Aplicando padronizações de vendas...
2025-09-12 18:12:06,825 - INFO - \u2705 Padronizações aplicadas. Shape final: (56742, 19)
2025-09-12 18:12:07,605 - INFO - \U0001f527 Aplicando padronizações de vendas...
2025-09-12 18:12:17,842 - INFO - \u2705 Padronizações aplicadas. Shape final: (56742, 19)
2025-09-12 18:12:18,060 - INFO - \u2705 Padronizações aplicadas. Shape final: (56742, 19)
2025-09-12 18:12:18,567 - INFO - \U0001f527 Aplicando padronizações de vendas...
2025-09-12 18:12:19,123 - INFO - \u2705 Padronizações aplicadas. Shape final: (56742, 19)
2025-09-12 18:12:21,887 - INFO - \u2705 Padronizações aplicadas. Shape final: (56742, 19)
2025-09-12 18:12:31,617 - INFO - \U0001f527 Aplicando padronizações de cotações...
2025-09-12 18:12:31,618 - INFO - \u2705 Padronizações aplicadas. Shape final: (15281, 9)
2025-09-12 18:16:41,232 - INFO - \U0001f527 Aplicando padronizações de vendas...
2025-09-12 18:16:43,671 - INFO - \u2705 Padronizações aplicadas. Shape final: (56742, 19)
2025-09-12 18:16:45,257 - INFO - \U0001f527 Aplicando padronizações de vendas...
2025-09-12 18:16:48,072 - INFO - \u2705 Padronizações aplicadas. Shape final: (56742, 19)
2025-09-12 18:16:49,789 - INFO - \U0001f527 Aplicando padronizações de vendas...
2025-09-12 18:16:54,052 - INFO - \u2705 Padronizações aplicadas. Shape final: (56742, 19)
2025-09-12 18:16:54,766 - INFO - \U0001f527 Aplicando padronizações de vendas...
2025-09-12 18:16:58,003 - INFO - \u2705 Padronizações aplicadas. Shape final: (56742, 19)
2025-09-12 18:16:58,991 - INFO - \U0001f527 Aplicando padronizações de vendas...
2025-09-12 18:16:59,007 - INFO - \U0001f527 Aplicando padronizações de vendas...
2025-09-12 18:17:04,097 - INFO - \u2705 Padronizações aplicadas. Shape final: (56742, 19)
2025-09-12 18:17:04,234 - INFO - \u2705 Padronizações aplicadas. Shape final: (56742, 19)
2025-09-12 18:24:47,527 - INFO - Dash is running on http://127.0.0.1:8050/

2025-09-12 18:25:31,860 - INFO - \U0001f527 Aplicando padronizações de vendas...
2025-09-12 18:25:35,045 - INFO - \u2705 Padronizações aplicadas. Shape final: (56742, 19)
2025-09-12 18:25:50,070 - INFO - \U0001f527 Aplicando padronizações de vendas...
2025-09-12 18:25:52,260 - INFO - \U0001f527 Aplicando padronizações de vendas...
2025-09-12 18:25:53,529 - INFO - \U0001f527 Aplicando padronizações de vendas...
2025-09-12 18:25:57,723 - INFO - \u2705 Padronizações aplicadas. Shape final: (56742, 19)
2025-09-12 18:26:02,914 - INFO - \u2705 Padronizações aplicadas. Shape final: (56742, 19)
2025-09-12 18:26:03,330 - INFO - \U0001f527 Aplicando padronizações de vendas...
2025-09-12 18:26:04,190 - INFO - \u2705 Padronizações aplicadas. Shape final: (56742, 19)
2025-09-12 18:26:06,712 - INFO - \U0001f527 Aplicando padronizações de vendas...
2025-09-12 18:26:09,628 - INFO - \u2705 Padronizações aplicadas. Shape final: (56742, 19)
2025-09-12 18:26:11,691 - INFO - \u2705 Padronizações aplicadas. Shape final: (56742, 19)
2025-09-12 18:26:42,647 - INFO - \U0001f527 Aplicando padronizações de vendas...
2025-09-12 18:26:45,274 - INFO - \u2705 Padronizações aplicadas. Shape final: (56742, 19)
2025-09-12 18:26:45,722 - INFO - \U0001f527 Aplicando padronizações de vendas...
2025-09-12 18:26:48,515 - INFO - \u2705 Padronizações aplicadas. Shape final: (56742, 19)
2025-09-12 18:27:15,939 - INFO - \U0001f527 Aplicando padronizações de cotações...
2025-09-12 18:27:15,940 - INFO - \u2705 Padronizações aplicadas. Shape final: (15281, 9)
2025-09-12 18:28:32,339 - INFO - \U0001f527 Aplicando padronizações de vendas...
2025-09-12 18:28:35,361 - INFO - \u2705 Padronizações aplicadas. Shape final: (56742, 19)
2025-09-12 18:28:35,866 - INFO - \U0001f527 Aplicando padronizações de vendas...
2025-09-12 18:28:39,339 - INFO - \u2705 Padronizações aplicadas. Shape final: (56742, 19)
2025-09-12 18:32:09,050 - INFO - \U0001f527 Aplicando padronizações de vendas...
2025-09-12 18:32:13,036 - INFO - \u2705 Padronizações aplicadas. Shape final: (56742, 19)
2025-09-12 18:32:13,549 - INFO - \U0001f527 Aplicando padronizações de vendas...
2025-09-12 18:32:17,540 - INFO - \u2705 Padronizações aplicadas. Shape final: (56742, 19)
2025-09-12 18:32:58,488 - INFO - \U0001f527 Aplicando padronizações de vendas...
2025-09-12 18:33:02,489 - INFO - \u2705 Padronizações aplicadas. Shape final: (56742, 19)
2025-09-12 18:33:03,115 - INFO - \U0001f527 Aplicando padronizações de vendas...
2025-09-12 18:33:07,538 - INFO - \u2705 Padronizações aplicadas. Shape final: (56742, 19)
2025-09-12 18:34:00,892 - INFO - \U0001f527 Aplicando padronizações de vendas...
2025-09-12 18:34:05,817 - INFO - \u2705 Padronizações aplicadas. Shape final: (56742, 19)
2025-09-12 18:34:06,516 - INFO - \U0001f527 Aplicando padronizações de vendas...
2025-09-12 18:34:11,236 - INFO - \u2705 Padronizações aplicadas. Shape final: (56742, 19)
2025-09-12 18:34:23,865 - INFO - \U0001f527 Aplicando padronizações de vendas...
2025-09-12 18:34:26,940 - INFO - \u2705 Padronizações aplicadas. Shape final: (56742, 19)
2025-09-12 18:34:27,380 - INFO - \U0001f527 Aplicando padronizações de vendas...
2025-09-12 18:34:30,478 - INFO - \u2705 Padronizações aplicadas. Shape final: (56742, 19)
2025-09-12 18:35:13,607 - INFO - \U0001f527 Aplicando padronizações de vendas...
2025-09-12 18:35:18,160 - INFO - \u2705 Padronizações aplicadas. Shape final: (56742, 19)
2025-09-12 18:35:18,728 - INFO - \U0001f527 Aplicando padronizações de vendas...
2025-09-12 18:35:22,006 - INFO - \u2705 Padronizações aplicadas. Shape final: (56742, 19)
2025-09-12 18:35:42,740 - INFO - \U0001f527 Aplicando padronizações de vendas...
2025-09-12 18:35:47,443 - INFO - \u2705 Padronizações aplicadas. Shape final: (56742, 19)
2025-09-12 18:35:47,956 - INFO - \U0001f527 Aplicando padronizações de vendas...
2025-09-12 18:35:52,734 - INFO - \u2705 Padronizações aplicadas. Shape final: (56742, 19)
2025-09-12 18:35:56,698 - INFO - Dash is running on http://127.0.0.1:8050/

2025-09-12 18:36:33,615 - INFO - \U0001f527 Aplicando padronizações de vendas...
2025-09-12 18:37:15,733 - INFO - Dash is running on http://127.0.0.1:8050/

2025-09-12 18:37:19,779 - INFO - \U0001f527 Aplicando padronizações de vendas...
2025-09-12 18:37:23,265 - INFO - \u2705 Padronizações aplicadas. Shape final: (56742, 19)
2025-09-12 18:37:23,954 - INFO - \U0001f527 Aplicando padronizações de vendas...
2025-09-12 18:37:27,635 - INFO - \u2705 Padronizações aplicadas. Shape final: (56742, 19)
2025-09-12 18:39:07,757 - INFO - \U0001f527 Aplicando padronizações de vendas...
2025-09-12 18:39:12,686 - INFO - \u2705 Padronizações aplicadas. Shape final: (56742, 19)
2025-09-12 18:39:19,895 - INFO - \U0001f527 Aplicando padronizações de cotações...
2025-09-12 18:39:19,897 - INFO - \u2705 Padronizações aplicadas. Shape final: (15281, 9)
2025-09-12 18:39:25,456 - INFO - \U0001f527 Aplicando padronizações de vendas...
2025-09-12 18:39:31,159 - INFO - \u2705 Padronizações aplicadas. Shape final: (56742, 19)
2025-09-12 18:39:34,758 - INFO - \U0001f527 Aplicando padronizações de vendas...
2025-09-12 18:39:38,392 - INFO - \u2705 Padronizações aplicadas. Shape final: (56742, 19)
2025-09-12 18:39:40,395 - INFO - \U0001f527 Aplicando padronizações de vendas...
2025-09-12 18:39:40,403 - INFO - \U0001f527 Aplicando padronizações de vendas...
2025-09-12 18:39:47,335 - INFO - \u2705 Padronizações aplicadas. Shape final: (56742, 19)
2025-09-12 18:39:47,497 - INFO - \u2705 Padronizações aplicadas. Shape final: (56742, 19)
2025-09-12 18:39:48,005 - INFO - \U0001f527 Aplicando padronizações de vendas...
2025-09-12 18:39:51,235 - INFO - \u2705 Padronizações aplicadas. Shape final: (56742, 19)
2025-09-12 18:42:29,088 - INFO - \U0001f527 Aplicando padronizações de cotações...
2025-09-12 18:42:29,088 - INFO - \u2705 Padronizações aplicadas. Shape final: (15281, 9)
2025-09-12 18:43:58,913 - INFO - \U0001f527 Aplicando padronizações de vendas...
2025-09-12 18:44:10,302 - INFO - \U0001f527 Aplicando padronizações de vendas...
2025-09-12 18:44:15,910 - INFO - \u2705 Padronizações aplicadas. Shape final: (56742, 19)
2025-09-12 18:44:16,741 - INFO - \U0001f527 Aplicando padronizações de vendas...
2025-09-12 18:44:22,125 - INFO - \u2705 Padronizações aplicadas. Shape final: (56742, 19)
2025-09-12 18:44:43,714 - INFO - \U0001f527 Aplicando padronizações de vendas...
2025-09-12 18:44:48,916 - INFO - \u2705 Padronizações aplicadas. Shape final: (56742, 19)
2025-09-12 18:44:49,628 - INFO - \U0001f527 Aplicando padronizações de vendas...
2025-09-12 18:44:53,501 - INFO - \u2705 Padronizações aplicadas. Shape final: (56742, 19)
2025-09-12 18:45:29,427 - INFO - \U0001f527 Aplicando padronizações de vendas...
2025-09-12 18:45:34,530 - INFO - \u2705 Padronizações aplicadas. Shape final: (56742, 19)
2025-09-12 18:45:35,321 - INFO - \U0001f527 Aplicando padronizações de vendas...
2025-09-12 18:45:40,110 - INFO - \u2705 Padronizações aplicadas. Shape final: (56742, 19)
2025-09-12 18:46:25,223 - INFO - \U0001f527 Aplicando padronizações de vendas...
2025-09-12 18:46:30,434 - INFO - \u2705 Padronizações aplicadas. Shape final: (56742, 19)
2025-09-12 18:46:32,865 - INFO - \U0001f527 Aplicando padronizações de vendas...
2025-09-12 18:46:37,409 - INFO - \u2705 Padronizações aplicadas. Shape final: (56742, 19)
2025-09-12 18:46:37,809 - INFO - \U0001f527 Aplicando padronizações de vendas...
2025-09-12 18:46:41,905 - INFO - \u2705 Padronizações aplicadas. Shape final: (56742, 19)
2025-09-12 18:47:32,504 - INFO - \U0001f527 Aplicando padronizações de vendas...
2025-09-12 18:47:36,757 - INFO - \u2705 Padronizações aplicadas. Shape final: (56742, 19)
2025-09-12 18:47:38,842 - INFO - \U0001f527 Aplicando padronizações de vendas...
2025-09-12 18:47:39,470 - INFO - \U0001f527 Aplicando padronizações de vendas...
2025-09-12 18:47:59,719 - INFO - \U0001f527 Aplicando padronizações de vendas...
2025-09-12 18:48:04,690 - INFO - \u2705 Padronizações aplicadas. Shape final: (56742, 19)
2025-09-12 18:48:06,225 - INFO - \U0001f527 Aplicando padronizações de vendas...
2025-09-12 18:48:06,225 - INFO - \U0001f527 Aplicando padronizações de vendas...
2025-09-12 18:48:15,443 - INFO - \u2705 Padronizações aplicadas. Shape final: (56742, 19)
2025-09-12 18:48:15,618 - INFO - \u2705 Padronizações aplicadas. Shape final: (56742, 19)
2025-09-12 18:48:27,982 - INFO - \U0001f527 Aplicando padronizações de vendas...
2025-09-12 18:48:33,591 - INFO - \u2705 Padronizações aplicadas. Shape final: (56742, 19)
2025-09-12 18:48:35,721 - INFO - \U0001f527 Aplicando padronizações de vendas...
2025-09-12 18:48:35,954 - INFO - \U0001f527 Aplicando padronizações de vendas...
2025-09-12 18:48:44,299 - INFO - \u2705 Padronizações aplicadas. Shape final: (56742, 19)
2025-09-12 18:48:44,684 - INFO - \u2705 Padronizações aplicadas. Shape final: (56742, 19)
2025-09-12 18:48:54,502 - INFO - Dash is running on http://127.0.0.1:8050/

2025-09-12 18:50:11,632 - INFO - Dash is running on http://127.0.0.1:8050/

2025-09-12 18:50:58,675 - INFO - \U0001f527 Aplicando padronizações de vendas...
2025-09-12 18:51:01,509 - INFO - \u2705 Padronizações aplicadas. Shape final: (56742, 19)
2025-09-12 18:51:08,340 - INFO - \U0001f527 Aplicando padronizações de vendas...
2025-09-12 18:51:11,092 - INFO - \u2705 Padronizações aplicadas. Shape final: (56742, 19)
2025-09-12 18:51:11,682 - INFO - \U0001f527 Aplicando padronizações de vendas...
2025-09-12 18:51:14,449 - INFO - \U0001f527 Aplicando padronizações de vendas...
2025-09-12 18:51:14,462 - INFO - \u2705 Padronizações aplicadas. Shape final: (56742, 19)
2025-09-12 18:51:17,004 - INFO - \u2705 Padronizações aplicadas. Shape final: (56742, 19)
2025-09-12 18:51:17,563 - INFO - \U0001f527 Aplicando padronizações de vendas...
2025-09-12 18:51:17,732 - INFO - \U0001f527 Aplicando padronizações de vendas...
2025-09-12 18:51:22,944 - INFO - \u2705 Padronizações aplicadas. Shape final: (56742, 19)
2025-09-12 18:51:23,335 - INFO - \u2705 Padronizações aplicadas. Shape final: (56742, 19)
2025-09-12 18:52:11,629 - INFO - \U0001f527 Aplicando padronizações de cotações...
2025-09-12 18:52:11,630 - INFO - \u2705 Padronizações aplicadas. Shape final: (15281, 9)
2025-09-12 18:54:58,703 - INFO - \U0001f527 Aplicando padronizações de vendas...
2025-09-12 18:55:02,404 - INFO - \u2705 Padronizações aplicadas. Shape final: (56742, 19)
2025-09-12 18:55:03,634 - INFO - \U0001f527 Aplicando padronizações de vendas...
2025-09-12 18:55:03,970 - INFO - \U0001f527 Aplicando padronizações de vendas...
2025-09-12 18:55:09,357 - INFO - \u2705 Padronizações aplicadas. Shape final: (56742, 19)
2025-09-12 18:55:09,692 - INFO - \u2705 Padronizações aplicadas. Shape final: (56742, 19)
2025-09-12 18:55:09,879 - INFO - \U0001f527 Aplicando padronizações de cotações...
2025-09-12 18:55:09,879 - INFO - \u2705 Padronizações aplicadas. Shape final: (15281, 9)
2025-09-12 18:56:50,862 - INFO - \U0001f527 Aplicando padronizações de vendas...
2025-09-12 18:56:57,182 - INFO - \u2705 Padronizações aplicadas. Shape final: (56742, 19)
2025-09-12 18:57:56,826 - INFO - Dash is running on http://127.0.0.1:8050/

2025-09-12 18:57:59,542 - INFO - \U0001f527 Aplicando padronizações de vendas...
2025-09-12 18:58:02,094 - INFO - \u2705 Padronizações aplicadas. Shape final: (56742, 19)
2025-09-12 19:00:06,205 - INFO - Dash is running on http://127.0.0.1:8050/

2025-09-12 19:00:36,225 - INFO - \U0001f527 Aplicando padronizações de vendas...
2025-09-12 19:00:39,770 - INFO - \u2705 Padronizações aplicadas. Shape final: (56742, 19)
2025-09-12 19:00:55,515 - INFO - \U0001f527 Aplicando padronizações de vendas...
2025-09-12 19:00:58,521 - INFO - \U0001f527 Aplicando padronizações de vendas...
2025-09-12 19:01:00,050 - INFO - \u2705 Padronizações aplicadas. Shape final: (56742, 19)
2025-09-12 19:01:02,570 - INFO - \u2705 Padronizações aplicadas. Shape final: (56742, 19)
2025-09-12 19:01:02,891 - INFO - \U0001f527 Aplicando padronizações de vendas...
2025-09-12 19:01:05,005 - INFO - \U0001f527 Aplicando padronizações de vendas...
2025-09-12 19:01:06,296 - INFO - \U0001f527 Aplicando padronizações de vendas...
2025-09-12 19:01:07,204 - INFO - \u2705 Padronizações aplicadas. Shape final: (56742, 19)
2025-09-12 19:01:11,746 - INFO - \u2705 Padronizações aplicadas. Shape final: (56742, 19)
2025-09-12 19:01:12,622 - INFO - \u2705 Padronizações aplicadas. Shape final: (56742, 19)
2025-09-12 19:02:00,755 - INFO - \U0001f527 Aplicando padronizações de cotações...
2025-09-12 19:02:00,757 - INFO - \u2705 Padronizações aplicadas. Shape final: (15281, 9)
2025-09-12 19:04:17,441 - INFO - \U0001f527 Aplicando padronizações de vendas...
2025-09-12 19:04:18,338 - INFO - \U0001f527 Aplicando padronizações de vendas...
2025-09-12 19:04:20,937 - INFO - \u2705 Padronizações aplicadas. Shape final: (56742, 19)
2025-09-12 19:04:22,208 - INFO - \u2705 Padronizações aplicadas. Shape final: (56742, 19)
2025-09-12 19:06:26,792 - INFO - \U0001f527 Aplicando padronizações de vendas...
2025-09-12 19:06:30,732 - INFO - \u2705 Padronizações aplicadas. Shape final: (56742, 19)
2025-09-12 19:06:32,283 - INFO - \U0001f527 Aplicando padronizações de vendas...
2025-09-12 19:06:33,178 - INFO - \U0001f527 Aplicando padronizações de vendas...
2025-09-12 19:06:39,288 - INFO - \u2705 Padronizações aplicadas. Shape final: (56742, 19)
2025-09-12 19:06:40,396 - INFO - \u2705 Padronizações aplicadas. Shape final: (56742, 19)
2025-09-12 19:07:10,883 - INFO - \U0001f527 Aplicando padronizações de vendas...
2025-09-12 19:07:15,081 - INFO - \u2705 Padronizações aplicadas. Shape final: (56742, 19)
2025-09-12 19:07:16,488 - INFO - \U0001f527 Aplicando padronizações de vendas...
2025-09-12 19:07:16,958 - INFO - \U0001f527 Aplicando padronizações de vendas...
2025-09-12 19:07:23,683 - INFO - \u2705 Padronizações aplicadas. Shape final: (56742, 19)
2025-09-12 19:07:24,108 - INFO - \u2705 Padronizações aplicadas. Shape final: (56742, 19)
2025-09-12 19:08:44,084 - INFO - Dash is running on http://127.0.0.1:8050/

2025-09-12 19:11:08,923 - INFO - Dash is running on http://127.0.0.1:8050/

2025-09-12 19:14:14,338 - INFO - \U0001f527 Aplicando padronizações de vendas...
2025-09-12 19:14:19,441 - INFO - \u2705 Padronizações aplicadas. Shape final: (56742, 19)
2025-09-12 19:14:29,110 - INFO - \U0001f527 Aplicando padronizações de vendas...
2025-09-12 19:14:29,367 - INFO - \U0001f527 Aplicando padronizações de vendas...
2025-09-12 19:14:33,119 - INFO - \U0001f527 Aplicando padronizações de vendas...
2025-09-12 19:14:34,360 - INFO - \U0001f527 Aplicando padronizações de vendas...
2025-09-12 19:14:35,150 - INFO - \u2705 Padronizações aplicadas. Shape final: (56742, 19)
2025-09-12 19:14:36,135 - INFO - \U0001f527 Aplicando padronizações de vendas...
2025-09-12 19:14:37,535 - INFO - \u2705 Padronizações aplicadas. Shape final: (56742, 19)
2025-09-12 19:14:44,118 - INFO - \u2705 Padronizações aplicadas. Shape final: (56742, 19)
2025-09-12 19:14:44,693 - INFO - \u2705 Padronizações aplicadas. Shape final: (56742, 19)
2025-09-12 19:14:45,526 - INFO - \u2705 Padronizações aplicadas. Shape final: (56742, 19)
2025-09-12 19:37:14,991 - INFO - Dash is running on http://127.0.0.1:8050/

2025-09-12 19:38:31,709 - INFO - \U0001f527 Aplicando padronizações de vendas...
2025-09-12 19:38:34,195 - INFO - \u2705 Padronizações aplicadas. Shape final: (56742, 19)
2025-09-12 19:38:45,255 - INFO - \U0001f527 Aplicando padronizações de vendas...
2025-09-12 19:38:47,264 - INFO - \U0001f527 Aplicando padronizações de vendas...
2025-09-12 19:38:49,390 - INFO - \u2705 Padronizações aplicadas. Shape final: (56742, 19)
2025-09-12 19:38:50,387 - INFO - \U0001f527 Aplicando padronizações de vendas...
2025-09-12 19:38:51,026 - INFO - \U0001f527 Aplicando padronizações de vendas...
2025-09-12 19:38:54,036 - INFO - \U0001f527 Aplicando padronizações de vendas...
2025-09-12 19:38:55,243 - INFO - \u2705 Padronizações aplicadas. Shape final: (56742, 19)
2025-09-12 19:39:00,655 - INFO - \u2705 Padronizações aplicadas. Shape final: (56742, 19)
2025-09-12 19:39:01,991 - INFO - \u2705 Padronizações aplicadas. Shape final: (56742, 19)
2025-09-12 19:39:02,999 - INFO - \u2705 Padronizações aplicadas. Shape final: (56742, 19)
2025-09-12 19:39:15,279 - INFO - \U0001f527 Aplicando padronizações de cotações...
2025-09-12 19:39:15,280 - INFO - \u2705 Padronizações aplicadas. Shape final: (15281, 9)
2025-09-12 19:39:15,383 - INFO - \U0001f527 Aplicando padronizações de cotações...
2025-09-12 19:39:15,384 - INFO - \u2705 Padronizações aplicadas. Shape final: (15281, 9)
2025-09-12 19:42:20,346 - INFO - \U0001f527 Aplicando padronizações de vendas...
2025-09-12 19:42:24,132 - INFO - \u2705 Padronizações aplicadas. Shape final: (56742, 19)
2025-09-12 19:42:25,663 - INFO - \U0001f527 Aplicando padronizações de vendas...
2025-09-12 19:42:28,016 - INFO - \U0001f527 Aplicando padronizações de vendas...
2025-09-12 19:42:32,302 - INFO - \u2705 Padronizações aplicadas. Shape final: (56742, 19)
2025-09-12 19:42:34,658 - INFO - \u2705 Padronizações aplicadas. Shape final: (56742, 19)
2025-09-12 19:42:34,908 - INFO - \U0001f527 Aplicando padronizações de cotações...
2025-09-12 19:42:34,908 - INFO - \u2705 Padronizações aplicadas. Shape final: (15281, 9)
2025-09-12 19:43:36,090 - INFO - Dash is running on http://127.0.0.1:8050/

2025-09-12 19:44:40,175 - INFO - Dash is running on http://127.0.0.1:8050/

2025-09-12 19:48:17,221 - INFO - Dash is running on http://127.0.0.1:8050/

2025-09-12 19:49:25,277 - INFO - \U0001f527 Aplicando padronizações de vendas...
2025-09-12 19:49:29,204 - INFO - \u2705 Padronizações aplicadas. Shape final: (56742, 19)
2025-09-12 19:49:42,889 - INFO - \U0001f527 Aplicando padronizações de vendas...
2025-09-12 19:49:43,365 - INFO - \U0001f527 Aplicando padronizações de vendas...
2025-09-12 19:49:43,545 - INFO - \U0001f527 Aplicando padronizações de vendas...
2025-09-12 19:49:47,709 - INFO - \U0001f527 Aplicando padronizações de vendas...
2025-09-12 19:49:48,939 - INFO - \U0001f527 Aplicando padronizações de vendas...
2025-09-12 19:49:54,400 - INFO - \u2705 Padronizações aplicadas. Shape final: (56742, 19)
2025-09-12 19:49:55,382 - INFO - \u2705 Padronizações aplicadas. Shape final: (56742, 19)
2025-09-12 19:49:55,764 - INFO - \u2705 Padronizações aplicadas. Shape final: (56742, 19)
2025-09-12 19:49:58,945 - INFO - \u2705 Padronizações aplicadas. Shape final: (56742, 19)
2025-09-12 19:49:58,976 - INFO - \u2705 Padronizações aplicadas. Shape final: (56742, 19)
2025-09-12 19:50:14,818 - INFO - \U0001f527 Aplicando padronizações de vendas...
2025-09-12 19:50:17,844 - INFO - \u2705 Padronizações aplicadas. Shape final: (56742, 19)
2025-09-12 19:50:19,358 - INFO - \U0001f527 Aplicando padronizações de vendas...
2025-09-12 19:50:19,494 - INFO - \U0001f527 Aplicando padronizações de vendas...
2025-09-12 19:50:25,826 - INFO - \u2705 Padronizações aplicadas. Shape final: (56742, 19)
2025-09-12 19:50:26,068 - INFO - \u2705 Padronizações aplicadas. Shape final: (56742, 19)
2025-09-12 19:54:04,630 - INFO - \U0001f527 Aplicando padronizações de vendas...
2025-09-12 19:54:11,749 - INFO - \u2705 Padronizações aplicadas. Shape final: (56742, 19)
2025-09-12 19:54:15,043 - INFO - \U0001f527 Aplicando padronizações de vendas...
2025-09-12 19:54:19,035 - INFO - \U0001f527 Aplicando padronizações de vendas...
2025-09-12 19:54:21,526 - INFO - \u2705 Padronizações aplicadas. Shape final: (56742, 19)
2025-09-12 19:54:25,847 - INFO - \u2705 Padronizações aplicadas. Shape final: (56742, 19)
2025-09-12 19:54:41,605 - INFO - \U0001f527 Aplicando padronizações de vendas...
2025-09-12 19:54:49,470 - INFO - \u2705 Padronizações aplicadas. Shape final: (56742, 19)
2025-09-12 19:54:51,601 - INFO - \U0001f527 Aplicando padronizações de vendas...
2025-09-12 19:54:52,059 - INFO - \U0001f527 Aplicando padronizações de vendas...
2025-09-12 19:55:01,459 - INFO - \u2705 Padronizações aplicadas. Shape final: (56742, 19)
2025-09-12 19:55:01,653 - INFO - \u2705 Padronizações aplicadas. Shape final: (56742, 19)
2025-09-12 19:55:11,558 - INFO - Dash is running on http://127.0.0.1:8050/

2025-09-12 19:56:19,257 - INFO - \U0001f527 Aplicando padronizações de vendas...
2025-09-12 19:56:22,897 - INFO - \u2705 Padronizações aplicadas. Shape final: (56742, 19)
2025-09-12 19:56:52,537 - INFO - \U0001f527 Aplicando padronizações de vendas...
2025-09-12 19:56:55,644 - INFO - \u2705 Padronizações aplicadas. Shape final: (56742, 19)
2025-09-12 19:57:09,524 - INFO - \U0001f527 Aplicando padronizações de vendas...
2025-09-12 19:57:13,916 - INFO - \U0001f527 Aplicando padronizações de vendas...
2025-09-12 19:57:15,623 - INFO - \u2705 Padronizações aplicadas. Shape final: (56742, 19)
2025-09-12 19:57:15,677 - INFO - \U0001f527 Aplicando padronizações de vendas...
2025-09-12 19:57:20,955 - INFO - \u2705 Padronizações aplicadas. Shape final: (56742, 19)
2025-09-12 19:57:21,939 - INFO - \u2705 Padronizações aplicadas. Shape final: (56742, 19)
2025-09-12 19:57:46,950 - INFO - \U0001f527 Aplicando padronizações de vendas...
2025-09-12 19:57:50,118 - INFO - \u2705 Padronizações aplicadas. Shape final: (56742, 19)
2025-09-12 19:57:59,825 - INFO - \U0001f527 Aplicando padronizações de vendas...
2025-09-12 19:58:02,962 - INFO - \u2705 Padronizações aplicadas. Shape final: (56742, 19)
2025-09-12 19:58:03,422 - INFO - \U0001f527 Aplicando padronizações de vendas...
2025-09-12 19:58:03,737 - INFO - \U0001f527 Aplicando padronizações de vendas...
2025-09-12 19:58:12,230 - INFO - \u2705 Padronizações aplicadas. Shape final: (56742, 19)
2025-09-12 19:58:12,831 - INFO - \u2705 Padronizações aplicadas. Shape final: (56742, 19)
2025-09-12 19:58:13,502 - INFO - \U0001f527 Aplicando padronizações de vendas...
2025-09-12 19:58:13,675 - INFO - \U0001f527 Aplicando padronizações de vendas...
2025-09-12 19:58:19,567 - INFO - \u2705 Padronizações aplicadas. Shape final: (56742, 19)
2025-09-12 19:58:19,719 - INFO - \u2705 Padronizações aplicadas. Shape final: (56742, 19)
2025-09-12 19:58:47,895 - INFO - \U0001f527 Aplicando padronizações de cotações...
2025-09-12 19:58:47,895 - INFO - \u2705 Padronizações aplicadas. Shape final: (15281, 9)
2025-09-12 20:03:12,240 - INFO - \U0001f527 Aplicando padronizações de vendas...
2025-09-12 20:03:17,376 - INFO - \u2705 Padronizações aplicadas. Shape final: (56742, 19)
2025-09-12 20:03:20,006 - INFO - \U0001f527 Aplicando padronizações de vendas...
2025-09-12 20:03:20,232 - INFO - \U0001f527 Aplicando padronizações de vendas...
2025-09-12 20:03:29,363 - INFO - \u2705 Padronizações aplicadas. Shape final: (56742, 19)
2025-09-12 20:03:29,462 - INFO - \u2705 Padronizações aplicadas. Shape final: (56742, 19)
2025-09-12 20:03:29,660 - INFO - \U0001f527 Aplicando padronizações de cotações...
2025-09-12 20:03:29,661 - INFO - \u2705 Padronizações aplicadas. Shape final: (15281, 9)
2025-09-12 20:03:38,176 - INFO - Dash is running on http://127.0.0.1:8050/

2025-09-12 20:04:35,160 - INFO - \U0001f527 Aplicando padronizações de vendas...
2025-09-12 20:04:38,490 - INFO - \u2705 Padronizações aplicadas. Shape final: (56742, 19)
2025-09-12 20:04:40,011 - INFO - \U0001f527 Aplicando padronizações de vendas...
2025-09-12 20:04:40,205 - INFO - \U0001f527 Aplicando padronizações de vendas...
2025-09-12 20:04:47,160 - INFO - \u2705 Padronizações aplicadas. Shape final: (56742, 19)
2025-09-12 20:04:47,253 - INFO - \u2705 Padronizações aplicadas. Shape final: (56742, 19)
2025-09-12 20:04:47,477 - INFO - \U0001f527 Aplicando padronizações de cotações...
2025-09-12 20:04:47,478 - INFO - \u2705 Padronizações aplicadas. Shape final: (15281, 9)
2025-09-12 20:05:37,968 - INFO - \U0001f527 Aplicando padronizações de vendas...
2025-09-12 20:05:42,456 - INFO - \u2705 Padronizações aplicadas. Shape final: (56742, 19)
2025-09-12 20:05:44,611 - INFO - \U0001f527 Aplicando padronizações de vendas...
2025-09-12 20:05:44,611 - INFO - \U0001f527 Aplicando padronizações de vendas...
2025-09-12 20:05:52,342 - INFO - \u2705 Padronizações aplicadas. Shape final: (56742, 19)
2025-09-12 20:05:52,482 - INFO - \u2705 Padronizações aplicadas. Shape final: (56742, 19)
2025-09-12 20:05:52,752 - INFO - \U0001f527 Aplicando padronizações de cotações...
2025-09-12 20:05:52,753 - INFO - \u2705 Padronizações aplicadas. Shape final: (15281, 9)
2025-09-12 20:10:08,782 - INFO - \U0001f527 Aplicando padronizações de vendas...
2025-09-12 20:10:12,874 - INFO - \u2705 Padronizações aplicadas. Shape final: (56742, 19)
2025-09-12 20:10:14,443 - INFO - \U0001f527 Aplicando padronizações de vendas...
2025-09-12 20:10:19,163 - INFO - \u2705 Padronizações aplicadas. Shape final: (56742, 19)
2025-09-12 20:10:19,720 - INFO - \U0001f527 Aplicando padronizações de vendas...
2025-09-12 20:10:25,087 - INFO - \u2705 Padronizações aplicadas. Shape final: (56742, 19)
2025-09-12 20:10:25,346 - INFO - \U0001f527 Aplicando padronizações de cotações...
2025-09-12 20:10:25,348 - INFO - \u2705 Padronizações aplicadas. Shape final: (15281, 9)
2025-09-12 20:11:59,985 - INFO - \U0001f527 Aplicando padronizações de vendas...
2025-09-12 20:12:05,560 - INFO - \u2705 Padronizações aplicadas. Shape final: (56742, 19)
2025-09-12 20:12:06,853 - INFO - \U0001f527 Aplicando padronizações de vendas...
2025-09-12 20:12:07,156 - INFO - \U0001f527 Aplicando padronizações de vendas...
2025-09-12 20:12:17,616 - INFO - \u2705 Padronizações aplicadas. Shape final: (56742, 19)
2025-09-12 20:12:18,195 - INFO - \u2705 Padronizações aplicadas. Shape final: (56742, 19)
2025-09-12 20:12:18,569 - INFO - \U0001f527 Aplicando padronizações de cotações...
2025-09-12 20:12:18,570 - INFO - \u2705 Padronizações aplicadas. Shape final: (15281, 9)
2025-09-12 20:12:54,013 - INFO - \U0001f527 Aplicando padronizações de vendas...
2025-09-12 20:13:02,372 - INFO - \u2705 Padronizações aplicadas. Shape final: (56742, 19)
2025-09-12 20:13:03,539 - INFO - \U0001f527 Aplicando padronizações de vendas...
2025-09-12 20:13:09,493 - INFO - \u2705 Padronizações aplicadas. Shape final: (56742, 19)
2025-09-12 20:13:10,219 - INFO - \U0001f527 Aplicando padronizações de vendas...
2025-09-12 20:13:15,927 - INFO - \u2705 Padronizações aplicadas. Shape final: (56742, 19)
2025-09-12 20:13:16,263 - INFO - \U0001f527 Aplicando padronizações de cotações...
2025-09-12 20:13:16,264 - INFO - \u2705 Padronizações aplicadas. Shape final: (15281, 9)
2025-09-12 20:14:27,114 - INFO - Dash is running on http://127.0.0.1:8050/

2025-09-12 20:15:49,787 - INFO - \U0001f527 Aplicando padronizações de vendas...
2025-09-12 20:15:54,330 - INFO - \u2705 Padronizações aplicadas. Shape final: (56742, 19)
2025-09-12 20:16:03,657 - INFO - \U0001f527 Aplicando padronizações de cotações...
2025-09-12 20:16:03,658 - INFO - \u2705 Padronizações aplicadas. Shape final: (15281, 9)
2025-09-12 20:16:15,804 - INFO - \U0001f527 Aplicando padronizações de vendas...
2025-09-12 20:16:19,708 - INFO - \u2705 Padronizações aplicadas. Shape final: (56742, 19)
2025-09-12 20:16:20,226 - INFO - \U0001f527 Aplicando padronizações de vendas...
2025-09-12 20:16:23,410 - INFO - \u2705 Padronizações aplicadas. Shape final: (56742, 19)
2025-09-12 20:16:24,268 - INFO - \U0001f527 Aplicando padronizações de vendas...
2025-09-12 20:16:24,294 - INFO - \U0001f527 Aplicando padronizações de vendas...
2025-09-12 20:16:24,504 - INFO - \U0001f527 Aplicando padronizações de vendas...
2025-09-12 20:16:35,871 - INFO - \u2705 Padronizações aplicadas. Shape final: (56742, 19)
2025-09-12 20:16:35,879 - INFO - \u2705 Padronizações aplicadas. Shape final: (56742, 19)
2025-09-12 20:16:35,994 - INFO - \u2705 Padronizações aplicadas. Shape final: (56742, 19)
2025-09-12 20:16:54,441 - INFO - \U0001f527 Aplicando padronizações de vendas...
2025-09-12 20:16:58,638 - INFO - \u2705 Padronizações aplicadas. Shape final: (56742, 19)
2025-09-12 20:17:04,785 - INFO - \U0001f527 Aplicando padronizações de cotações...
2025-09-12 20:17:04,785 - INFO - \u2705 Padronizações aplicadas. Shape final: (15281, 9)
2025-09-12 20:17:30,393 - INFO - \U0001f527 Aplicando padronizações de vendas...
2025-09-12 20:17:33,965 - INFO - \u2705 Padronizações aplicadas. Shape final: (56742, 19)
2025-09-12 20:17:34,457 - INFO - \U0001f527 Aplicando padronizações de vendas...
2025-09-12 20:17:37,826 - INFO - \u2705 Padronizações aplicadas. Shape final: (56742, 19)
2025-09-12 20:17:38,567 - INFO - \U0001f527 Aplicando padronizações de vendas...
2025-09-12 20:17:38,585 - INFO - \U0001f527 Aplicando padronizações de vendas...
2025-09-12 20:17:42,051 - INFO - \U0001f527 Aplicando padronizações de vendas...
2025-09-12 20:17:47,183 - INFO - \u2705 Padronizações aplicadas. Shape final: (56742, 19)
2025-09-12 20:17:47,430 - INFO - \u2705 Padronizações aplicadas. Shape final: (56742, 19)
2025-09-12 20:17:49,348 - INFO - \u2705 Padronizações aplicadas. Shape final: (56742, 19)
2025-09-12 20:18:22,632 - INFO - Dash is running on http://127.0.0.1:8050/

2025-09-12 20:20:08,997 - INFO - \U0001f527 Aplicando padronizações de cotações...
2025-09-12 20:20:08,998 - INFO - \u2705 Padronizações aplicadas. Shape final: (15281, 9)
2025-09-12 20:20:09,080 - INFO - \U0001f527 Aplicando padronizações de cotações...
2025-09-12 20:20:09,082 - INFO - \u2705 Padronizações aplicadas. Shape final: (15281, 9)
2025-09-12 20:23:57,751 - INFO - \U0001f527 Aplicando padronizações de vendas...
2025-09-12 20:24:05,428 - INFO - \u2705 Padronizações aplicadas. Shape final: (56742, 19)
2025-09-12 20:24:09,725 - INFO - \U0001f527 Aplicando padronizações de vendas...
2025-09-12 20:24:17,558 - INFO - \u2705 Padronizações aplicadas. Shape final: (56742, 19)
2025-09-12 20:24:19,616 - INFO - \U0001f527 Aplicando padronizações de vendas...
2025-09-12 20:24:27,617 - INFO - \u2705 Padronizações aplicadas. Shape final: (56742, 19)
2025-09-12 20:24:28,791 - INFO - \U0001f527 Aplicando padronizações de vendas...
2025-09-12 20:24:34,917 - INFO - \U0001f527 Aplicando padronizações de vendas...
2025-09-12 20:24:39,617 - INFO - \u2705 Padronizações aplicadas. Shape final: (56742, 19)
2025-09-12 20:24:43,462 - INFO - \u2705 Padronizações aplicadas. Shape final: (56742, 19)
2025-09-12 20:24:44,299 - INFO - \U0001f527 Aplicando padronizações de vendas...
2025-09-12 20:24:49,462 - INFO - \u2705 Padronizações aplicadas. Shape final: (56742, 19)
2025-09-12 20:24:49,663 - INFO - \U0001f527 Aplicando padronizações de cotações...
2025-09-12 20:24:49,664 - INFO - \u2705 Padronizações aplicadas. Shape final: (15281, 9)
2025-09-12 20:26:02,555 - INFO - Dash is running on http://127.0.0.1:8050/

2025-09-12 20:26:08,238 - INFO - \U0001f527 Aplicando padronizações de vendas...
2025-09-12 20:26:11,419 - INFO - \u2705 Padronizações aplicadas. Shape final: (56742, 19)
2025-09-12 20:26:12,484 - INFO - \U0001f527 Aplicando padronizações de vendas...
2025-09-12 20:26:13,191 - INFO - \U0001f527 Aplicando padronizações de vendas...
2025-09-12 20:26:18,999 - INFO - \u2705 Padronizações aplicadas. Shape final: (56742, 19)
2025-09-12 20:26:19,319 - INFO - \u2705 Padronizações aplicadas. Shape final: (56742, 19)
2025-09-12 20:26:40,838 - INFO - \U0001f527 Aplicando padronizações de cotações...
2025-09-12 20:26:40,838 - INFO - \u2705 Padronizações aplicadas. Shape final: (15281, 9)
2025-09-12 20:27:07,316 - INFO - \U0001f527 Aplicando padronizações de vendas...
2025-09-12 20:27:11,956 - INFO - \u2705 Padronizações aplicadas. Shape final: (56742, 19)
2025-09-12 20:27:14,600 - INFO - \U0001f527 Aplicando padronizações de vendas...
2025-09-12 20:27:14,619 - INFO - \U0001f527 Aplicando padronizações de vendas...
2025-09-12 20:27:20,079 - INFO - \u2705 Padronizações aplicadas. Shape final: (56742, 19)
2025-09-12 20:27:20,110 - INFO - \u2705 Padronizações aplicadas. Shape final: (56742, 19)
2025-09-12 20:27:29,829 - INFO - Dash is running on http://127.0.0.1:8050/

2025-09-12 20:27:40,722 - INFO - \U0001f527 Aplicando padronizações de cotações...
2025-09-12 20:27:40,723 - INFO - \u2705 Padronizações aplicadas. Shape final: (15281, 9)
2025-09-12 20:28:03,730 - INFO - \U0001f527 Aplicando padronizações de vendas...
2025-09-12 20:28:09,678 - INFO - \u2705 Padronizações aplicadas. Shape final: (56742, 19)
2025-09-12 20:28:12,281 - INFO - \U0001f527 Aplicando padronizações de vendas...
2025-09-12 20:28:12,968 - INFO - \U0001f527 Aplicando padronizações de vendas...
2025-09-12 20:28:21,136 - INFO - \u2705 Padronizações aplicadas. Shape final: (56742, 19)
2025-09-12 20:28:21,773 - INFO - \u2705 Padronizações aplicadas. Shape final: (56742, 19)
2025-09-12 20:28:40,688 - INFO - \U0001f527 Aplicando padronizações de cotações...
2025-09-12 20:28:40,688 - INFO - \u2705 Padronizações aplicadas. Shape final: (15281, 9)
2025-09-12 20:29:21,071 - INFO - \U0001f527 Aplicando padronizações de vendas...
2025-09-12 20:29:24,434 - INFO - \u2705 Padronizações aplicadas. Shape final: (56742, 19)
2025-09-12 20:29:25,422 - INFO - \U0001f527 Aplicando padronizações de vendas...
2025-09-12 20:29:25,857 - INFO - \U0001f527 Aplicando padronizações de vendas...
2025-09-12 20:29:32,158 - INFO - \u2705 Padronizações aplicadas. Shape final: (56742, 19)
2025-09-12 20:29:33,181 - INFO - \u2705 Padronizações aplicadas. Shape final: (56742, 19)
2025-09-12 20:29:40,692 - INFO - \U0001f527 Aplicando padronizações de cotações...
2025-09-12 20:29:40,692 - INFO - \u2705 Padronizações aplicadas. Shape final: (15281, 9)
2025-09-12 20:35:53,894 - INFO - \U0001f527 Aplicando padronizações de vendas...
2025-09-12 20:35:58,491 - INFO - \u2705 Padronizações aplicadas. Shape final: (56742, 19)
2025-09-12 20:36:11,412 - INFO - \U0001f527 Aplicando padronizações de vendas...
2025-09-12 20:36:13,972 - INFO - \U0001f527 Aplicando padronizações de vendas...
2025-09-12 20:36:21,385 - INFO - \u2705 Padronizações aplicadas. Shape final: (56742, 19)
2025-09-12 20:36:23,294 - INFO - \u2705 Padronizações aplicadas. Shape final: (56742, 19)
2025-09-12 20:36:25,116 - INFO - \U0001f527 Aplicando padronizações de vendas...
2025-09-12 20:36:31,540 - INFO - \u2705 Padronizações aplicadas. Shape final: (56742, 19)
2025-09-12 20:36:32,370 - INFO - \U0001f527 Aplicando padronizações de vendas...
2025-09-12 20:36:37,944 - INFO - \U0001f527 Aplicando padronizações de vendas...
2025-09-12 20:36:38,079 - INFO - \u2705 Padronizações aplicadas. Shape final: (56742, 19)
2025-09-12 20:36:38,422 - INFO - \U0001f527 Aplicando padronizações de cotações...
2025-09-12 20:36:38,423 - INFO - \u2705 Padronizações aplicadas. Shape final: (15281, 9)
2025-09-12 20:36:44,442 - INFO - \u2705 Padronizações aplicadas. Shape final: (56742, 19)
2025-09-12 20:37:08,817 - INFO - \U0001f527 Aplicando padronizações de vendas...
2025-09-12 20:37:12,059 - INFO - \u2705 Padronizações aplicadas. Shape final: (56742, 19)
2025-09-12 20:37:13,176 - INFO - \U0001f527 Aplicando padronizações de vendas...
2025-09-12 20:37:14,335 - INFO - \U0001f527 Aplicando padronizações de vendas...
2025-09-12 20:37:51,278 - INFO - Dash is running on http://127.0.0.1:8050/

2025-09-12 20:37:56,158 - INFO - \U0001f527 Aplicando padronizações de vendas...
2025-09-12 20:37:59,068 - INFO - \u2705 Padronizações aplicadas. Shape final: (56742, 19)
2025-09-12 20:38:00,336 - INFO - \U0001f527 Aplicando padronizações de vendas...
2025-09-12 20:38:00,821 - INFO - \U0001f527 Aplicando padronizações de vendas...
2025-09-12 20:38:07,216 - INFO - \u2705 Padronizações aplicadas. Shape final: (56742, 19)
2025-09-12 20:38:07,823 - INFO - \u2705 Padronizações aplicadas. Shape final: (56742, 19)
2025-09-12 20:38:41,020 - INFO - \U0001f527 Aplicando padronizações de cotações...
2025-09-12 20:38:41,020 - INFO - \u2705 Padronizações aplicadas. Shape final: (15281, 9)
2025-09-12 20:42:19,393 - INFO - \U0001f527 Aplicando padronizações de vendas...
2025-09-12 20:42:23,832 - INFO - \u2705 Padronizações aplicadas. Shape final: (56742, 19)
2025-09-12 20:42:27,595 - INFO - \U0001f527 Aplicando padronizações de vendas...
2025-09-12 20:42:31,057 - INFO - \u2705 Padronizações aplicadas. Shape final: (56742, 19)
2025-09-12 20:42:31,691 - INFO - \U0001f527 Aplicando padronizações de vendas...
2025-09-12 20:42:34,463 - INFO - \u2705 Padronizações aplicadas. Shape final: (56742, 19)
2025-09-12 20:42:34,934 - INFO - \U0001f527 Aplicando padronizações de vendas...
2025-09-12 20:42:35,108 - INFO - \U0001f527 Aplicando padronizações de vendas...
2025-09-12 20:42:40,422 - INFO - \u2705 Padronizações aplicadas. Shape final: (56742, 19)
2025-09-12 20:42:40,707 - INFO - \u2705 Padronizações aplicadas. Shape final: (56742, 19)
2025-09-12 20:42:40,889 - INFO - \U0001f527 Aplicando padronizações de cotações...
2025-09-12 20:42:40,889 - INFO - \u2705 Padronizações aplicadas. Shape final: (15281, 9)
2025-09-12 20:45:28,522 - INFO - \U0001f527 Aplicando padronizações de vendas...
2025-09-12 20:45:31,617 - INFO - \u2705 Padronizações aplicadas. Shape final: (56742, 19)
2025-09-12 20:45:34,018 - INFO - \U0001f527 Aplicando padronizações de vendas...
2025-09-12 20:45:37,434 - INFO - \u2705 Padronizações aplicadas. Shape final: (56742, 19)
2025-09-12 20:45:38,888 - INFO - \U0001f527 Aplicando padronizações de vendas...
2025-09-12 20:45:41,821 - INFO - \u2705 Padronizações aplicadas. Shape final: (56742, 19)
2025-09-12 20:45:42,491 - INFO - \U0001f527 Aplicando padronizações de vendas...
2025-09-12 20:45:42,603 - INFO - \U0001f527 Aplicando padronizações de vendas...
2025-09-12 20:45:50,147 - INFO - \u2705 Padronizações aplicadas. Shape final: (56742, 19)
2025-09-12 20:45:50,516 - INFO - \u2705 Padronizações aplicadas. Shape final: (56742, 19)
2025-09-12 20:45:51,182 - INFO - \U0001f527 Aplicando padronizações de vendas...
2025-09-12 20:45:56,029 - INFO - \u2705 Padronizações aplicadas. Shape final: (56742, 19)
2025-09-12 20:45:56,955 - INFO - \U0001f527 Aplicando padronizações de cotações...
2025-09-12 20:45:56,956 - INFO - \u2705 Padronizações aplicadas. Shape final: (15281, 9)
2025-09-12 20:45:56,962 - INFO - \U0001f527 Aplicando padronizações de cotações...
2025-09-12 20:45:56,962 - INFO - \u2705 Padronizações aplicadas. Shape final: (15281, 9)
2025-09-12 20:46:11,742 - INFO - \U0001f527 Aplicando padronizações de vendas...
2025-09-12 20:46:15,233 - INFO - \u2705 Padronizações aplicadas. Shape final: (56742, 19)
2025-09-12 20:46:16,563 - INFO - \U0001f527 Aplicando padronizações de vendas...
2025-09-12 20:46:19,509 - INFO - \U0001f527 Aplicando padronizações de vendas...
2025-09-12 20:46:23,224 - INFO - \u2705 Padronizações aplicadas. Shape final: (56742, 19)
2025-09-12 20:46:25,250 - INFO - \u2705 Padronizações aplicadas. Shape final: (56742, 19)
2025-09-12 20:46:25,466 - INFO - \U0001f527 Aplicando padronizações de cotações...
2025-09-12 20:46:25,467 - INFO - \u2705 Padronizações aplicadas. Shape final: (15281, 9)
2025-09-12 20:47:20,158 - INFO - \U0001f527 Aplicando padronizações de vendas...
2025-09-12 20:47:24,135 - INFO - \u2705 Padronizações aplicadas. Shape final: (56742, 19)
2025-09-12 20:47:25,740 - INFO - \U0001f527 Aplicando padronizações de vendas...
2025-09-12 20:47:32,372 - INFO - \u2705 Padronizações aplicadas. Shape final: (56742, 19)
2025-09-12 20:47:38,208 - INFO - \U0001f527 Aplicando padronizações de vendas...
2025-09-12 20:47:45,708 - INFO - \U0001f527 Aplicando padronizações de vendas...
2025-09-12 20:47:47,078 - INFO - \u2705 Padronizações aplicadas. Shape final: (56742, 19)
2025-09-12 20:47:53,140 - INFO - \u2705 Padronizações aplicadas. Shape final: (56742, 19)
2025-09-12 20:47:54,091 - INFO - \U0001f527 Aplicando padronizações de vendas...
2025-09-12 20:47:54,696 - INFO - \U0001f527 Aplicando padronizações de vendas...
2025-09-12 20:48:05,178 - INFO - \u2705 Padronizações aplicadas. Shape final: (56742, 19)
2025-09-12 20:48:05,618 - INFO - \u2705 Padronizações aplicadas. Shape final: (56742, 19)
2025-09-12 20:48:06,584 - INFO - \U0001f527 Aplicando padronizações de cotações...
2025-09-12 20:48:06,585 - INFO - \u2705 Padronizações aplicadas. Shape final: (15281, 9)
2025-09-12 20:48:06,673 - INFO - \U0001f527 Aplicando padronizações de cotações...
2025-09-12 20:48:06,676 - INFO - \u2705 Padronizações aplicadas. Shape final: (15281, 9)
2025-09-12 20:51:03,012 - INFO - \U0001f527 Aplicando padronizações de vendas...
2025-09-12 20:51:08,983 - INFO - \u2705 Padronizações aplicadas. Shape final: (56742, 19)
2025-09-12 20:51:15,457 - INFO - \U0001f527 Aplicando padronizações de cotações...
2025-09-12 20:51:15,459 - INFO - \u2705 Padronizações aplicadas. Shape final: (15281, 9)
2025-09-12 20:51:29,896 - INFO - \U0001f527 Aplicando padronizações de vendas...
2025-09-12 20:51:34,480 - INFO - \u2705 Padronizações aplicadas. Shape final: (56742, 19)
2025-09-12 20:51:35,425 - INFO - \U0001f527 Aplicando padronizações de vendas...
2025-09-12 20:51:42,006 - INFO - \u2705 Padronizações aplicadas. Shape final: (56742, 19)
2025-09-12 20:51:42,806 - INFO - \U0001f527 Aplicando padronizações de vendas...
2025-09-12 20:52:40,785 - INFO - \U0001f527 Aplicando padronizações de vendas...
2025-09-12 20:52:44,560 - INFO - \u2705 Padronizações aplicadas. Shape final: (56742, 19)
2025-09-12 20:52:48,029 - INFO - \U0001f527 Aplicando padronizações de cotações...
2025-09-12 20:52:48,030 - INFO - \u2705 Padronizações aplicadas. Shape final: (15281, 9)
2025-09-12 20:52:51,204 - INFO - \U0001f527 Aplicando padronizações de vendas...
2025-09-12 20:52:54,644 - INFO - \u2705 Padronizações aplicadas. Shape final: (56742, 19)
2025-09-12 20:52:55,757 - INFO - \U0001f527 Aplicando padronizações de vendas...
2025-09-12 20:52:56,643 - INFO - \U0001f527 Aplicando padronizações de vendas...
2025-09-12 20:52:57,867 - INFO - \U0001f527 Aplicando padronizações de vendas...
2025-09-12 20:52:58,899 - INFO - \U0001f527 Aplicando padronizações de vendas...
2025-09-12 20:53:07,844 - INFO - \u2705 Padronizações aplicadas. Shape final: (56742, 19)
2025-09-12 20:53:13,982 - INFO - \u2705 Padronizações aplicadas. Shape final: (56742, 19)
2025-09-12 20:53:18,165 - INFO - \u2705 Padronizações aplicadas. Shape final: (56742, 19)
2025-09-12 20:53:18,729 - INFO - \u2705 Padronizações aplicadas. Shape final: (56742, 19)
2025-09-12 20:53:50,157 - INFO - \U0001f527 Aplicando padronizações de vendas...
2025-09-12 20:54:51,410 - INFO - Dash is running on http://127.0.0.1:8050/

2025-09-12 21:09:09,719 - INFO - Dash is running on http://127.0.0.1:8050/

2025-09-13 10:16:55,872 - INFO - Dash is running on http://127.0.0.1:8050/

2025-09-13 10:19:00,084 - INFO - \U0001f527 Aplicando padronizações de vendas...
2025-09-13 10:19:05,438 - INFO - \u2705 Padronizações aplicadas. Shape final: (56742, 19)
2025-09-13 10:19:44,456 - INFO - \U0001f527 Aplicando padronizações de vendas...
2025-09-13 10:19:48,389 - INFO - \u2705 Padronizações aplicadas. Shape final: (56742, 19)
2025-09-13 10:23:40,554 - INFO - \U0001f527 Aplicando padronizações de vendas...
2025-09-13 10:23:44,720 - INFO - \u2705 Padronizações aplicadas. Shape final: (56742, 19)
2025-09-13 10:24:40,850 - INFO - \U0001f527 Aplicando padronizações de vendas...
2025-09-13 10:24:45,710 - INFO - \u2705 Padronizações aplicadas. Shape final: (56742, 19)
2025-09-13 10:25:40,928 - INFO - \U0001f527 Aplicando padronizações de vendas...
2025-09-13 10:25:46,492 - INFO - \u2705 Padronizações aplicadas. Shape final: (56742, 19)
2025-09-13 10:26:40,543 - INFO - \U0001f527 Aplicando padronizações de vendas...
2025-09-13 10:26:44,210 - INFO - \u2705 Padronizações aplicadas. Shape final: (56742, 19)
2025-09-13 10:27:40,098 - INFO - \U0001f527 Aplicando padronizações de vendas...
2025-09-13 10:27:42,760 - INFO - \u2705 Padronizações aplicadas. Shape final: (56742, 19)
2025-09-13 10:30:40,103 - INFO - \U0001f527 Aplicando padronizações de vendas...
2025-09-13 10:30:43,079 - INFO - \u2705 Padronizações aplicadas. Shape final: (56742, 19)
2025-09-13 10:32:40,773 - INFO - \U0001f527 Aplicando padronizações de vendas...
2025-09-13 10:32:46,509 - INFO - \u2705 Padronizações aplicadas. Shape final: (56742, 19)
2025-09-13 10:33:39,004 - INFO - Dash is running on http://127.0.0.1:8050/

2025-09-13 10:41:44,930 - INFO - \U0001f527 Aplicando padronizações de vendas...
2025-09-13 10:42:06,289 - INFO - \U0001f527 Aplicando padronizações de vendas...
2025-09-13 10:42:12,115 - INFO - \u2705 Padronizações aplicadas. Shape final: (56742, 19)
2025-09-13 10:43:04,337 - INFO - Dash is running on http://127.0.0.1:8050/

2025-09-13 10:45:15,950 - INFO - \U0001f527 Aplicando padronizações de vendas...
2025-09-13 10:45:20,213 - INFO - \u2705 Padronizações aplicadas. Shape final: (56742, 19)
2025-09-13 10:45:53,902 - INFO - \U0001f527 Aplicando padronizações de vendas...
2025-09-13 10:45:54,592 - INFO - \U0001f527 Aplicando padronizações de vendas...
2025-09-13 10:45:59,115 - INFO - \U0001f527 Aplicando padronizações de vendas...
2025-09-13 10:46:03,488 - INFO - \u2705 Padronizações aplicadas. Shape final: (56742, 19)
2025-09-13 10:46:05,309 - INFO - \U0001f527 Aplicando padronizações de vendas...
2025-09-13 10:46:05,394 - INFO - \U0001f527 Aplicando padronizações de vendas...
2025-09-13 10:46:06,255 - INFO - \u2705 Padronizações aplicadas. Shape final: (56742, 19)
2025-09-13 10:46:15,744 - INFO - \u2705 Padronizações aplicadas. Shape final: (56742, 19)
2025-09-13 10:46:22,200 - INFO - \u2705 Padronizações aplicadas. Shape final: (56742, 19)
2025-09-13 10:46:22,347 - INFO - \u2705 Padronizações aplicadas. Shape final: (56742, 19)
2025-09-13 10:46:27,115 - INFO - Dash is running on http://127.0.0.1:8050/

2025-09-13 10:52:49,679 - INFO - \U0001f527 Aplicando padronizações de vendas...
2025-09-13 10:52:59,172 - INFO - \u2705 Padronizações aplicadas. Shape final: (56742, 19)
2025-09-13 10:56:00,299 - INFO - \U0001f527 Aplicando padronizações de vendas...
2025-09-13 10:56:08,459 - INFO - \u2705 Padronizações aplicadas. Shape final: (56742, 19)
2025-09-13 10:57:39,027 - INFO - Dash is running on http://127.0.0.1:8050/

2025-09-13 10:59:28,470 - INFO - \U0001f527 Aplicando padronizações de vendas...
2025-09-13 10:59:33,870 - INFO - \u2705 Padronizações aplicadas. Shape final: (56742, 19)
2025-09-13 11:07:21,742 - INFO - \U0001f527 Aplicando padronizações de vendas...
2025-09-13 11:07:30,577 - INFO - \u2705 Padronizações aplicadas. Shape final: (56742, 19)
2025-09-13 11:09:17,884 - INFO - \U0001f527 Aplicando padronizações de vendas...
2025-09-13 11:09:41,202 - INFO - \U0001f527 Aplicando padronizações de vendas...
2025-09-13 11:09:49,248 - INFO - \u2705 Padronizações aplicadas. Shape final: (56742, 19)
2025-09-13 11:10:09,646 - INFO - \U0001f527 Aplicando padronizações de vendas...
2025-09-13 11:10:30,452 - INFO - \U0001f527 Aplicando padronizações de vendas...
2025-09-13 11:10:57,326 - INFO - \U0001f527 Aplicando padronizações de vendas...
2025-09-13 11:11:09,375 - INFO - \u2705 Padronizações aplicadas. Shape final: (56742, 19)
2025-09-13 11:12:05,895 - INFO - \U0001f527 Aplicando padronizações de vendas...
2025-09-13 11:12:14,956 - INFO - \u2705 Padronizações aplicadas. Shape final: (56742, 19)
2025-09-13 11:13:03,719 - INFO - \U0001f527 Aplicando padronizações de vendas...
2025-09-13 11:13:13,046 - INFO - \u2705 Padronizações aplicadas. Shape final: (56742, 19)
2025-09-13 11:13:33,569 - INFO - \U0001f527 Aplicando padronizações de vendas...
2025-09-13 11:13:40,444 - INFO - \u2705 Padronizações aplicadas. Shape final: (56742, 19)
2025-09-13 11:13:56,842 - INFO - \U0001f527 Aplicando padronizações de vendas...
2025-09-13 11:14:03,298 - INFO - \u2705 Padronizações aplicadas. Shape final: (56742, 19)
2025-09-13 11:14:58,606 - INFO - \U0001f527 Aplicando padronizações de vendas...
2025-09-13 11:15:06,299 - INFO - \u2705 Padronizações aplicadas. Shape final: (56742, 19)
2025-09-13 11:26:53,103 - INFO - \U0001f527 Aplicando padronizações de vendas...
2025-09-13 11:26:56,337 - INFO - \u2705 Padronizações aplicadas. Shape final: (56742, 19)
2025-09-13 11:27:12,002 - INFO - \U0001f527 Aplicando padronizações de vendas...
2025-09-13 11:27:16,359 - INFO - \u2705 Padronizações aplicadas. Shape final: (56742, 19)
2025-09-13 11:27:26,498 - INFO - \U0001f527 Aplicando padronizações de vendas...
2025-09-13 11:27:38,401 - INFO - \U0001f527 Aplicando padronizações de vendas...
2025-09-13 11:27:50,852 - INFO - \U0001f527 Aplicando padronizações de vendas...
2025-09-13 11:27:56,197 - INFO - \u2705 Padronizações aplicadas. Shape final: (56742, 19)
2025-09-13 11:28:40,779 - INFO - Dash is running on http://127.0.0.1:8050/

2025-09-13 11:31:52,433 - INFO - \U0001f527 Aplicando padronizações de vendas...
2025-09-13 11:31:57,069 - INFO - \u2705 Padronizações aplicadas. Shape final: (56742, 19)
2025-09-13 11:32:28,183 - INFO - \U0001f527 Aplicando padronizações de vendas...
2025-09-13 11:32:33,404 - INFO - \u2705 Padronizações aplicadas. Shape final: (56742, 19)
2025-09-13 11:32:34,087 - INFO - \U0001f527 Aplicando padronizações de vendas...
2025-09-13 11:32:38,706 - INFO - \u2705 Padronizações aplicadas. Shape final: (56742, 19)
2025-09-13 11:32:39,211 - INFO - \U0001f527 Aplicando padronizações de vendas...
2025-09-13 11:32:42,461 - INFO - \U0001f527 Aplicando padronizações de vendas...
2025-09-13 11:32:42,502 - INFO - \U0001f527 Aplicando padronizações de vendas...
2025-09-13 11:32:47,095 - INFO - \u2705 Padronizações aplicadas. Shape final: (56742, 19)
2025-09-13 11:32:52,795 - INFO - \u2705 Padronizações aplicadas. Shape final: (56742, 19)
2025-09-13 11:32:53,056 - INFO - \u2705 Padronizações aplicadas. Shape final: (56742, 19)
2025-09-13 11:40:02,597 - INFO - \U0001f527 Aplicando padronizações de vendas...
2025-09-13 11:40:09,792 - INFO - \u2705 Padronizações aplicadas. Shape final: (56742, 19)
2025-09-13 11:40:42,305 - INFO - \U0001f527 Aplicando padronizações de vendas...
2025-09-13 11:40:50,052 - INFO - \u2705 Padronizações aplicadas. Shape final: (56742, 19)
2025-09-13 11:53:04,090 - INFO - Dash is running on http://127.0.0.1:8050/

2025-09-13 11:54:58,688 - INFO - \U0001f527 Aplicando padronizações de vendas...
2025-09-13 11:55:08,651 - INFO - \u2705 Padronizações aplicadas. Shape final: (56742, 19)
2025-09-13 11:57:12,578 - INFO - \U0001f527 Aplicando padronizações de vendas...
2025-09-13 11:57:43,443 - INFO - \U0001f527 Aplicando padronizações de vendas...
2025-09-13 11:58:11,011 - INFO - \U0001f527 Aplicando padronizações de vendas...
2025-09-13 12:07:15,181 - INFO - \u2705 Padronizações aplicadas. Shape final: (56742, 19)
2025-09-13 12:07:50,942 - INFO - \U0001f527 Aplicando padronizações de vendas...
2025-09-13 12:07:54,960 - INFO - \u2705 Padronizações aplicadas. Shape final: (56742, 19)
2025-09-13 12:08:08,758 - INFO - \U0001f527 Aplicando padronizações de vendas...
2025-09-13 12:08:13,013 - INFO - \u2705 Padronizações aplicadas. Shape final: (56742, 19)
2025-09-13 12:08:33,317 - INFO - Dash is running on http://127.0.0.1:8050/

2025-09-13 12:09:14,691 - INFO - \U0001f527 Aplicando padronizações de vendas...
2025-09-13 12:09:20,863 - INFO - \u2705 Padronizações aplicadas. Shape final: (56742, 19)
2025-09-13 13:34:18,350 - INFO - Dash is running on http://127.0.0.1:8050/

2025-09-13 13:41:31,749 - INFO - \U0001f527 Aplicando padronizações de vendas...
2025-09-13 13:41:34,560 - INFO - \u2705 Padronizações aplicadas. Shape final: (56742, 19)
2025-09-13 13:43:48,201 - INFO - \U0001f527 Aplicando padronizações de vendas...
2025-09-13 13:43:53,491 - INFO - \u2705 Padronizações aplicadas. Shape final: (56742, 19)
2025-09-13 13:44:22,955 - INFO - \U0001f527 Aplicando padronizações de vendas...
2025-09-13 13:44:27,564 - INFO - \u2705 Padronizações aplicadas. Shape final: (56742, 19)
2025-09-13 13:44:57,266 - INFO - \U0001f527 Aplicando padronizações de vendas...
2025-09-13 13:45:01,878 - INFO - \u2705 Padronizações aplicadas. Shape final: (56742, 19)
2025-09-13 13:45:12,929 - INFO - \U0001f527 Aplicando padronizações de vendas...
2025-09-13 13:45:17,708 - INFO - \u2705 Padronizações aplicadas. Shape final: (56742, 19)
2025-09-13 13:45:48,150 - INFO - \U0001f527 Aplicando padronizações de vendas...
2025-09-13 13:45:52,293 - INFO - \u2705 Padronizações aplicadas. Shape final: (56742, 19)
2025-09-13 13:59:44,041 - INFO - Dash is running on http://127.0.0.1:8050/

2025-09-13 14:01:19,946 - INFO - \U0001f527 Aplicando padronizações de vendas...
2025-09-13 14:01:23,100 - INFO - \u2705 Padronizações aplicadas. Shape final: (56742, 19)
2025-09-13 14:01:37,126 - INFO - \U0001f527 Aplicando padronizações de vendas...
2025-09-13 14:01:41,469 - INFO - \u2705 Padronizações aplicadas. Shape final: (56742, 19)
2025-09-13 14:01:41,679 - INFO - \U0001f527 Aplicando padronizações de vendas...
2025-09-13 14:01:45,285 - INFO - \u2705 Padronizações aplicadas. Shape final: (56742, 19)
2025-09-13 14:01:45,760 - INFO - \U0001f527 Aplicando padronizações de vendas...
2025-09-13 14:01:46,100 - INFO - \U0001f527 Aplicando padronizações de vendas...
2025-09-13 14:01:46,730 - INFO - \U0001f527 Aplicando padronizações de vendas...
2025-09-13 14:01:55,250 - INFO - \u2705 Padronizações aplicadas. Shape final: (56742, 19)
2025-09-13 14:01:56,070 - INFO - \u2705 Padronizações aplicadas. Shape final: (56742, 19)
2025-09-13 14:01:56,585 - INFO - \u2705 Padronizações aplicadas. Shape final: (56742, 19)
2025-09-13 15:34:00,302 - INFO - Dash is running on http://127.0.0.1:8050/

2025-09-14 09:55:59,076 - INFO - Dash is running on http://127.0.0.1:8050/

2025-09-14 09:57:48,094 - INFO - \U0001f527 Aplicando padronizações de vendas...
2025-09-14 09:57:51,998 - INFO - \u2705 Padronizações aplicadas. Shape final: (56742, 19)
2025-09-14 09:57:52,606 - INFO - \U0001f527 Aplicando padronizações de vendas...
2025-09-14 09:57:55,828 - INFO - \u2705 Padronizações aplicadas. Shape final: (56742, 19)
2025-09-14 09:58:38,968 - INFO - \U0001f527 Aplicando padronizações de vendas...
2025-09-14 09:58:42,685 - INFO - \u2705 Padronizações aplicadas. Shape final: (56742, 19)
2025-09-14 09:59:01,502 - INFO - Dash is running on http://127.0.0.1:8050/

2025-09-14 09:59:25,832 - INFO - \U0001f527 Aplicando padronizações de vendas...
2025-09-14 09:59:28,164 - INFO - \u2705 Padronizações aplicadas. Shape final: (56742, 19)
2025-09-14 09:59:38,068 - INFO - \U0001f527 Aplicando padronizações de vendas...
2025-09-14 09:59:42,145 - INFO - \u2705 Padronizações aplicadas. Shape final: (56742, 19)
2025-09-14 09:59:42,681 - INFO - \U0001f527 Aplicando padronizações de vendas...
2025-09-14 09:59:43,214 - INFO - \U0001f527 Aplicando padronizações de vendas...
2025-09-14 09:59:47,126 - INFO - \U0001f527 Aplicando padronizações de vendas...
2025-09-14 09:59:50,746 - INFO - \u2705 Padronizações aplicadas. Shape final: (56742, 19)
2025-09-14 09:59:50,903 - INFO - \u2705 Padronizações aplicadas. Shape final: (56742, 19)
2025-09-14 09:59:53,033 - INFO - \U0001f527 Aplicando padronizações de vendas...
2025-09-14 09:59:53,644 - INFO - \u2705 Padronizações aplicadas. Shape final: (56742, 19)
2025-09-14 09:59:56,384 - INFO - \u2705 Padronizações aplicadas. Shape final: (56742, 19)
2025-09-14 10:16:31,855 - INFO - Dash is running on http://127.0.0.1:8050/

2025-09-14 10:17:34,739 - INFO - Dash is running on http://127.0.0.1:8050/

2025-09-14 10:34:28,029 - INFO - \U0001f527 Aplicando padronizações de vendas...
2025-09-14 10:34:30,900 - INFO - \u2705 Padronizações aplicadas. Shape final: (56742, 19)
2025-09-14 10:34:31,424 - INFO - \U0001f527 Aplicando padronizações de vendas...
2025-09-14 10:34:34,385 - INFO - \u2705 Padronizações aplicadas. Shape final: (56742, 19)
2025-09-14 10:34:35,588 - INFO - \U0001f527 Aplicando padronizações de vendas...
2025-09-14 10:34:37,111 - INFO - \U0001f527 Aplicando padronizações de vendas...
2025-09-14 10:34:38,195 - INFO - \U0001f527 Aplicando padronizações de vendas...
2025-09-14 10:34:44,466 - INFO - \u2705 Padronizações aplicadas. Shape final: (56742, 19)
2025-09-14 10:34:46,536 - INFO - \u2705 Padronizações aplicadas. Shape final: (56742, 19)
2025-09-14 10:34:47,543 - INFO - \u2705 Padronizações aplicadas. Shape final: (56742, 19)
2025-09-14 10:34:47,965 - INFO - \U0001f527 Aplicando padronizações de vendas...
2025-09-14 10:34:52,374 - INFO - \u2705 Padronizações aplicadas. Shape final: (56742, 19)
2025-09-14 10:37:15,416 - INFO - \U0001f527 Aplicando padronizações de cotações...
2025-09-14 10:37:15,417 - INFO - \u2705 Padronizações aplicadas. Shape final: (15281, 9)
2025-09-14 10:37:58,139 - INFO - \U0001f527 Aplicando padronizações de vendas...
2025-09-14 10:38:01,097 - INFO - \u2705 Padronizações aplicadas. Shape final: (56742, 19)
2025-09-14 11:29:22,375 - INFO - \U0001f527 Aplicando padronizações de vendas...
2025-09-14 11:29:25,122 - INFO - \u2705 Padronizações aplicadas. Shape final: (56742, 19)
2025-09-14 11:29:25,492 - INFO - \U0001f527 Aplicando padronizações de vendas...
2025-09-14 11:29:27,952 - INFO - \u2705 Padronizações aplicadas. Shape final: (56742, 19)
2025-09-14 11:29:28,377 - INFO - \U0001f527 Aplicando padronizações de vendas...
2025-09-14 11:29:28,817 - INFO - \U0001f527 Aplicando padronizações de vendas...
2025-09-14 11:29:34,344 - INFO - \u2705 Padronizações aplicadas. Shape final: (56742, 19)
2025-09-14 11:29:34,673 - INFO - \u2705 Padronizações aplicadas. Shape final: (56742, 19)
2025-09-14 11:30:52,335 - INFO - \U0001f527 Aplicando padronizações de cotações...
2025-09-14 11:30:52,335 - INFO - \u2705 Padronizações aplicadas. Shape final: (15281, 9)
2025-09-14 11:35:10,197 - INFO - \U0001f527 Aplicando padronizações de vendas...
2025-09-14 11:35:10,417 - INFO - \U0001f527 Aplicando padronizações de vendas...
2025-09-14 11:35:15,251 - INFO - \u2705 Padronizações aplicadas. Shape final: (56742, 19)
2025-09-14 11:35:15,555 - INFO - \u2705 Padronizações aplicadas. Shape final: (56742, 19)
2025-09-14 11:39:19,698 - INFO - \U0001f527 Aplicando padronizações de vendas...
2025-09-14 11:39:24,158 - INFO - \u2705 Padronizações aplicadas. Shape final: (56742, 19)
2025-09-14 11:39:25,627 - INFO - \U0001f527 Aplicando padronizações de vendas...
2025-09-14 11:39:28,590 - INFO - \u2705 Padronizações aplicadas. Shape final: (56742, 19)
2025-09-14 11:39:29,089 - INFO - \U0001f527 Aplicando padronizações de vendas...
2025-09-14 11:39:31,326 - INFO - \U0001f527 Aplicando padronizações de vendas...
2025-09-14 11:39:36,522 - INFO - \u2705 Padronizações aplicadas. Shape final: (56742, 19)
2025-09-14 11:39:38,905 - INFO - \u2705 Padronizações aplicadas. Shape final: (56742, 19)
2025-09-14 11:39:39,127 - INFO - \U0001f527 Aplicando padronizações de cotações...
2025-09-14 11:39:39,128 - INFO - \u2705 Padronizações aplicadas. Shape final: (15281, 9)
2025-09-14 11:40:06,514 - INFO - \U0001f527 Aplicando padronizações de vendas...
2025-09-14 11:40:11,585 - INFO - \u2705 Padronizações aplicadas. Shape final: (56742, 19)
2025-09-14 11:40:14,393 - INFO - \U0001f527 Aplicando padronizações de vendas...
2025-09-14 11:40:14,689 - INFO - \U0001f527 Aplicando padronizações de vendas...
2025-09-14 11:40:23,444 - INFO - \u2705 Padronizações aplicadas. Shape final: (56742, 19)
2025-09-14 11:40:23,751 - INFO - \u2705 Padronizações aplicadas. Shape final: (56742, 19)
2025-09-14 11:40:24,183 - INFO - \U0001f527 Aplicando padronizações de vendas...
2025-09-14 11:40:27,712 - INFO - \u2705 Padronizações aplicadas. Shape final: (56742, 19)
2025-09-14 11:40:27,964 - INFO - \U0001f527 Aplicando padronizações de cotações...
2025-09-14 11:40:27,965 - INFO - \u2705 Padronizações aplicadas. Shape final: (15281, 9)
2025-09-14 12:06:11,773 - INFO - \U0001f527 Aplicando padronizações de vendas...
2025-09-14 12:06:15,763 - INFO - \u2705 Padronizações aplicadas. Shape final: (56742, 19)
2025-09-14 12:06:17,037 - INFO - \U0001f527 Aplicando padronizações de vendas...
2025-09-14 12:06:17,320 - INFO - \U0001f527 Aplicando padronizações de vendas...
2025-09-14 12:06:23,331 - INFO - \u2705 Padronizações aplicadas. Shape final: (56742, 19)
2025-09-14 12:06:23,749 - INFO - \u2705 Padronizações aplicadas. Shape final: (56742, 19)
2025-09-14 12:06:24,304 - INFO - \U0001f527 Aplicando padronizações de vendas...
2025-09-14 12:06:27,019 - INFO - \u2705 Padronizações aplicadas. Shape final: (56742, 19)
2025-09-14 12:06:27,149 - INFO - \U0001f527 Aplicando padronizações de cotações...
2025-09-14 12:06:27,149 - INFO - \u2705 Padronizações aplicadas. Shape final: (15281, 9)
2025-09-14 12:06:40,359 - INFO - \U0001f527 Aplicando padronizações de vendas...
2025-09-14 12:06:43,537 - INFO - \u2705 Padronizações aplicadas. Shape final: (56742, 19)
2025-09-14 12:06:44,831 - INFO - \U0001f527 Aplicando padronizações de vendas...
2025-09-14 12:06:47,613 - INFO - \u2705 Padronizações aplicadas. Shape final: (56742, 19)
2025-09-14 12:06:47,910 - INFO - \U0001f527 Aplicando padronizações de vendas...
2025-09-14 12:06:48,593 - INFO - \U0001f527 Aplicando padronizações de vendas...
2025-09-14 12:06:53,664 - INFO - \u2705 Padronizações aplicadas. Shape final: (56742, 19)
2025-09-14 12:06:54,858 - INFO - \u2705 Padronizações aplicadas. Shape final: (56742, 19)
2025-09-14 12:06:55,030 - INFO - \U0001f527 Aplicando padronizações de cotações...
2025-09-14 12:06:55,031 - INFO - \u2705 Padronizações aplicadas. Shape final: (15281, 9)
2025-09-14 12:07:16,961 - INFO - \U0001f527 Aplicando padronizações de vendas...
2025-09-14 12:07:20,446 - INFO - \u2705 Padronizações aplicadas. Shape final: (56742, 19)
2025-09-14 12:07:22,447 - INFO - \U0001f527 Aplicando padronizações de vendas...
2025-09-14 12:07:25,929 - INFO - \u2705 Padronizações aplicadas. Shape final: (56742, 19)
2025-09-14 12:07:26,658 - INFO - \U0001f527 Aplicando padronizações de vendas...
2025-09-14 12:07:27,120 - INFO - \U0001f527 Aplicando padronizações de vendas...
2025-09-14 12:07:33,625 - INFO - \u2705 Padronizações aplicadas. Shape final: (56742, 19)
2025-09-14 12:07:33,676 - INFO - \u2705 Padronizações aplicadas. Shape final: (56742, 19)
2025-09-14 12:07:33,883 - INFO - \U0001f527 Aplicando padronizações de cotações...
2025-09-14 12:07:33,883 - INFO - \u2705 Padronizações aplicadas. Shape final: (15281, 9)
2025-09-14 12:08:47,547 - INFO - \U0001f527 Aplicando padronizações de vendas...
2025-09-14 12:08:50,627 - INFO - \u2705 Padronizações aplicadas. Shape final: (56742, 19)
2025-09-14 12:08:51,980 - INFO - \U0001f527 Aplicando padronizações de vendas...
2025-09-14 12:08:54,856 - INFO - \U0001f527 Aplicando padronizações de vendas...
2025-09-14 12:08:56,511 - INFO - \u2705 Padronizações aplicadas. Shape final: (56742, 19)
2025-09-14 12:08:58,571 - INFO - \U0001f527 Aplicando padronizações de vendas...
2025-09-14 12:09:02,207 - INFO - \u2705 Padronizações aplicadas. Shape final: (56742, 19)
2025-09-14 12:09:03,934 - INFO - \u2705 Padronizações aplicadas. Shape final: (56742, 19)
2025-09-14 12:09:16,893 - INFO - \U0001f527 Aplicando padronizações de vendas...
2025-09-14 12:09:20,267 - INFO - \u2705 Padronizações aplicadas. Shape final: (56742, 19)
2025-09-14 12:09:21,818 - INFO - \U0001f527 Aplicando padronizações de vendas...
2025-09-14 12:09:22,937 - INFO - \U0001f527 Aplicando padronizações de vendas...
2025-09-14 12:09:27,411 - INFO - \u2705 Padronizações aplicadas. Shape final: (56742, 19)
2025-09-14 12:09:28,912 - INFO - \u2705 Padronizações aplicadas. Shape final: (56742, 19)
2025-09-14 12:09:29,358 - INFO - \U0001f527 Aplicando padronizações de vendas...
2025-09-14 12:09:33,156 - INFO - \u2705 Padronizações aplicadas. Shape final: (56742, 19)
2025-09-14 12:09:33,361 - INFO - \U0001f527 Aplicando padronizações de cotações...
2025-09-14 12:09:33,362 - INFO - \u2705 Padronizações aplicadas. Shape final: (15281, 9)
2025-09-14 12:49:54,146 - INFO - \U0001f527 Aplicando padronizações de vendas...
2025-09-14 12:49:56,030 - INFO - \u2705 Padronizações aplicadas. Shape final: (56742, 19)
2025-09-14 12:49:57,348 - INFO - \U0001f527 Aplicando padronizações de vendas...
2025-09-14 12:49:57,808 - INFO - \U0001f527 Aplicando padronizações de vendas...
2025-09-14 12:50:00,860 - INFO - \u2705 Padronizações aplicadas. Shape final: (56742, 19)
2025-09-14 12:50:00,950 - INFO - \U0001f527 Aplicando padronizações de vendas...
2025-09-14 12:50:02,726 - INFO - \u2705 Padronizações aplicadas. Shape final: (56742, 19)
2025-09-14 12:50:04,275 - INFO - \u2705 Padronizações aplicadas. Shape final: (56742, 19)
2025-09-14 12:50:04,450 - INFO - \U0001f527 Aplicando padronizações de cotações...
2025-09-14 12:50:04,450 - INFO - \u2705 Padronizações aplicadas. Shape final: (15281, 9)
2025-09-14 12:53:21,594 - INFO - \U0001f527 Aplicando padronizações de vendas...
2025-09-14 12:53:23,759 - INFO - \u2705 Padronizações aplicadas. Shape final: (56742, 19)
2025-09-14 12:53:23,872 - INFO - \U0001f527 Aplicando padronizações de cotações...
2025-09-14 12:53:23,872 - INFO - \u2705 Padronizações aplicadas. Shape final: (15281, 9)
2025-09-14 12:55:49,637 - INFO - \U0001f527 Aplicando padronizações de vendas...
2025-09-14 12:55:53,962 - INFO - \u2705 Padronizações aplicadas. Shape final: (56742, 19)
2025-09-14 12:55:55,660 - INFO - \U0001f527 Aplicando padronizações de vendas...
2025-09-14 12:55:58,293 - INFO - \u2705 Padronizações aplicadas. Shape final: (56742, 19)
2025-09-14 12:55:58,765 - INFO - \U0001f527 Aplicando padronizações de vendas...
2025-09-14 12:55:58,986 - INFO - \U0001f527 Aplicando padronizações de vendas...
2025-09-14 12:56:04,007 - INFO - \u2705 Padronizações aplicadas. Shape final: (56742, 19)
2025-09-14 12:56:04,199 - INFO - \u2705 Padronizações aplicadas. Shape final: (56742, 19)
2025-09-14 12:56:04,401 - INFO - \U0001f527 Aplicando padronizações de cotações...
2025-09-14 12:56:04,401 - INFO - \u2705 Padronizações aplicadas. Shape final: (15281, 9)
2025-09-14 13:52:07,260 - INFO - Dash is running on http://127.0.0.1:8050/

2025-09-14 13:53:19,460 - INFO - \U0001f527 Aplicando padronizações de vendas...
2025-09-14 13:53:23,129 - INFO - \u2705 Padronizações aplicadas. Shape final: (56742, 19)
2025-09-14 13:53:36,526 - INFO - \U0001f527 Aplicando padronizações de vendas...
2025-09-14 13:53:40,164 - INFO - \u2705 Padronizações aplicadas. Shape final: (56742, 19)
2025-09-14 13:53:54,840 - INFO - \U0001f527 Aplicando padronizações de vendas...
2025-09-14 13:53:58,980 - INFO - \u2705 Padronizações aplicadas. Shape final: (56742, 19)
2025-09-14 13:54:00,218 - INFO - \U0001f527 Aplicando padronizações de vendas...
2025-09-14 13:54:01,853 - INFO - \U0001f527 Aplicando padronizações de vendas...
2025-09-14 13:54:05,805 - INFO - \u2705 Padronizações aplicadas. Shape final: (56742, 19)
2025-09-14 13:54:06,372 - INFO - \U0001f527 Aplicando padronizações de vendas...
2025-09-14 13:54:08,575 - INFO - \u2705 Padronizações aplicadas. Shape final: (56742, 19)
2025-09-14 13:54:10,122 - INFO - \u2705 Padronizações aplicadas. Shape final: (56742, 19)
2025-09-14 13:54:10,263 - INFO - \U0001f527 Aplicando padronizações de cotações...
2025-09-14 13:54:10,263 - INFO - \u2705 Padronizações aplicadas. Shape final: (15281, 9)
2025-09-14 13:54:35,508 - INFO - \U0001f527 Aplicando padronizações de vendas...
2025-09-14 13:54:39,542 - INFO - \u2705 Padronizações aplicadas. Shape final: (56742, 19)
2025-09-14 13:54:40,126 - INFO - \U0001f527 Aplicando padronizações de vendas...
2025-09-14 13:54:41,262 - INFO - \U0001f527 Aplicando padronizações de vendas...
2025-09-14 13:54:46,643 - INFO - \u2705 Padronizações aplicadas. Shape final: (56742, 19)
2025-09-14 13:54:48,849 - INFO - \U0001f527 Aplicando padronizações de vendas...
2025-09-14 13:54:49,437 - INFO - \u2705 Padronizações aplicadas. Shape final: (56742, 19)
2025-09-14 13:54:54,740 - INFO - \u2705 Padronizações aplicadas. Shape final: (56742, 19)
2025-09-14 13:54:55,013 - INFO - \U0001f527 Aplicando padronizações de cotações...
2025-09-14 13:54:55,014 - INFO - \u2705 Padronizações aplicadas. Shape final: (15281, 9)
2025-09-14 13:55:10,040 - INFO - \U0001f527 Aplicando padronizações de vendas...
2025-09-14 13:55:12,572 - INFO - \u2705 Padronizações aplicadas. Shape final: (56742, 19)
2025-09-14 13:55:14,462 - INFO - \U0001f527 Aplicando padronizações de vendas...
2025-09-14 13:55:17,196 - INFO - \U0001f527 Aplicando padronizações de vendas...
2025-09-14 13:55:17,601 - INFO - \u2705 Padronizações aplicadas. Shape final: (56742, 19)
2025-09-14 13:55:18,241 - INFO - \U0001f527 Aplicando padronizações de vendas...
2025-09-14 13:55:22,245 - INFO - \u2705 Padronizações aplicadas. Shape final: (56742, 19)
2025-09-14 13:55:23,040 - INFO - \u2705 Padronizações aplicadas. Shape final: (56742, 19)
2025-09-14 13:55:23,256 - INFO - \U0001f527 Aplicando padronizações de cotações...
2025-09-14 13:55:23,256 - INFO - \u2705 Padronizações aplicadas. Shape final: (15281, 9)
2025-09-14 13:58:24,561 - INFO - \U0001f527 Aplicando padronizações de vendas...
2025-09-14 13:58:28,362 - INFO - \u2705 Padronizações aplicadas. Shape final: (56742, 19)
2025-09-14 13:58:31,017 - INFO - \U0001f527 Aplicando padronizações de vendas...
2025-09-14 13:58:35,298 - INFO - \u2705 Padronizações aplicadas. Shape final: (56742, 19)
2025-09-14 13:58:36,057 - INFO - \U0001f527 Aplicando padronizações de vendas...
2025-09-14 13:58:36,262 - INFO - \U0001f527 Aplicando padronizações de vendas...
2025-09-14 13:58:42,152 - INFO - \u2705 Padronizações aplicadas. Shape final: (56742, 19)
2025-09-14 13:58:42,280 - INFO - \u2705 Padronizações aplicadas. Shape final: (56742, 19)
2025-09-14 13:58:42,474 - INFO - \U0001f527 Aplicando padronizações de cotações...
2025-09-14 13:58:42,475 - INFO - \u2705 Padronizações aplicadas. Shape final: (15281, 9)
2025-09-14 14:13:23,730 - INFO - Dash is running on http://127.0.0.1:8050/

2025-09-14 14:13:26,401 - INFO - \U0001f527 Aplicando padronizações de vendas...
2025-09-14 14:13:29,719 - INFO - \u2705 Padronizações aplicadas. Shape final: (56742, 19)
2025-09-14 14:13:30,658 - INFO - \U0001f527 Aplicando padronizações de vendas...
2025-09-14 14:13:34,292 - INFO - \u2705 Padronizações aplicadas. Shape final: (56742, 19)
2025-09-14 14:13:34,842 - INFO - \U0001f527 Aplicando padronizações de vendas...
2025-09-14 14:13:34,988 - INFO - \U0001f527 Aplicando padronizações de vendas...
2025-09-14 14:13:41,584 - INFO - \u2705 Padronizações aplicadas. Shape final: (56742, 19)
2025-09-14 14:13:41,765 - INFO - \u2705 Padronizações aplicadas. Shape final: (56742, 19)
2025-09-14 14:13:42,055 - INFO - \U0001f527 Aplicando padronizações de cotações...
2025-09-14 14:13:42,055 - INFO - \u2705 Padronizações aplicadas. Shape final: (15281, 9)
2025-09-14 14:15:24,700 - INFO - Dash is running on http://127.0.0.1:8050/

2025-09-14 14:15:49,502 - INFO - \U0001f527 Aplicando padronizações de vendas...
2025-09-14 14:15:52,085 - INFO - \u2705 Padronizações aplicadas. Shape final: (56742, 19)
2025-09-14 14:16:04,530 - INFO - \U0001f527 Aplicando padronizações de vendas...
2025-09-14 14:16:09,420 - INFO - \u2705 Padronizações aplicadas. Shape final: (56742, 19)
2025-09-14 14:16:10,323 - INFO - \U0001f527 Aplicando padronizações de vendas...
2025-09-14 14:16:15,501 - INFO - \U0001f527 Aplicando padronizações de vendas...
2025-09-14 14:16:16,791 - INFO - \u2705 Padronizações aplicadas. Shape final: (56742, 19)
2025-09-14 14:16:19,042 - INFO - \U0001f527 Aplicando padronizações de vendas...
2025-09-14 14:16:22,228 - INFO - \u2705 Padronizações aplicadas. Shape final: (56742, 19)
2025-09-14 14:16:23,029 - INFO - \U0001f527 Aplicando padronizações de vendas...
2025-09-14 14:16:24,892 - INFO - \u2705 Padronizações aplicadas. Shape final: (56742, 19)
2025-09-14 14:16:27,220 - INFO - \u2705 Padronizações aplicadas. Shape final: (56742, 19)
2025-09-14 14:19:00,873 - INFO - \U0001f527 Aplicando padronizações de cotações...
2025-09-14 14:19:00,874 - INFO - \u2705 Padronizações aplicadas. Shape final: (15281, 9)
2025-09-14 14:19:31,152 - INFO - \U0001f527 Aplicando padronizações de vendas...
2025-09-14 14:19:33,974 - INFO - \u2705 Padronizações aplicadas. Shape final: (56742, 19)
2025-09-14 14:23:32,902 - INFO - \U0001f527 Aplicando padronizações de vendas...
2025-09-14 14:23:37,481 - INFO - \u2705 Padronizações aplicadas. Shape final: (56742, 19)
2025-09-14 14:23:40,432 - INFO - \U0001f527 Aplicando padronizações de vendas...
2025-09-14 14:23:40,669 - INFO - \U0001f527 Aplicando padronizações de vendas...
2025-09-14 14:23:41,776 - INFO - \U0001f527 Aplicando padronizações de vendas...
2025-09-14 14:23:52,838 - INFO - \u2705 Padronizações aplicadas. Shape final: (56742, 19)
2025-09-14 14:23:52,961 - INFO - \u2705 Padronizações aplicadas. Shape final: (56742, 19)
2025-09-14 14:23:53,947 - INFO - \u2705 Padronizações aplicadas. Shape final: (56742, 19)
2025-09-14 14:23:54,547 - INFO - \U0001f527 Aplicando padronizações de cotações...
2025-09-14 14:23:54,548 - INFO - \u2705 Padronizações aplicadas. Shape final: (15281, 9)
2025-09-14 14:26:17,777 - INFO - \U0001f527 Aplicando padronizações de vendas...
2025-09-14 14:26:21,703 - INFO - \u2705 Padronizações aplicadas. Shape final: (56742, 19)
2025-09-14 14:26:23,341 - INFO - \U0001f527 Aplicando padronizações de vendas...
2025-09-14 14:26:23,746 - INFO - \U0001f527 Aplicando padronizações de vendas...
2025-09-14 14:26:24,118 - INFO - \U0001f527 Aplicando padronizações de vendas...
2025-09-14 14:26:33,140 - INFO - \u2705 Padronizações aplicadas. Shape final: (56742, 19)
2025-09-14 14:26:33,895 - INFO - \u2705 Padronizações aplicadas. Shape final: (56742, 19)
2025-09-14 14:26:34,385 - INFO - \u2705 Padronizações aplicadas. Shape final: (56742, 19)
2025-09-14 14:26:35,210 - INFO - \U0001f527 Aplicando padronizações de cotações...
2025-09-14 14:26:35,211 - INFO - \u2705 Padronizações aplicadas. Shape final: (15281, 9)
2025-09-14 16:59:49,201 - INFO - Dash is running on http://127.0.0.1:8050/

2025-09-14 17:00:47,425 - INFO - \U0001f527 Aplicando padronizações de vendas...
2025-09-14 17:00:51,417 - INFO - \u2705 Padronizações aplicadas. Shape final: (56742, 19)
2025-09-14 17:00:53,025 - INFO - \U0001f527 Aplicando padronizações de vendas...
2025-09-14 17:00:55,540 - INFO - \U0001f527 Aplicando padronizações de vendas...
2025-09-14 17:00:57,015 - INFO - \U0001f527 Aplicando padronizações de vendas...
2025-09-14 17:00:57,728 - INFO - \u2705 Padronizações aplicadas. Shape final: (56742, 19)
2025-09-14 17:01:02,161 - INFO - \U0001f527 Aplicando padronizações de vendas...
2025-09-14 17:01:02,769 - INFO - \u2705 Padronizações aplicadas. Shape final: (56742, 19)
2025-09-14 17:01:04,811 - INFO - \u2705 Padronizações aplicadas. Shape final: (56742, 19)
2025-09-14 17:01:36,088 - INFO - \U0001f527 Aplicando padronizações de vendas...
2025-09-14 17:01:38,736 - INFO - \u2705 Padronizações aplicadas. Shape final: (56742, 19)
2025-09-14 17:01:44,591 - INFO - \U0001f527 Aplicando padronizações de vendas...
2025-09-14 17:01:45,551 - INFO - \U0001f527 Aplicando padronizações de vendas...
2025-09-14 17:01:48,510 - INFO - \U0001f527 Aplicando padronizações de vendas...
2025-09-14 17:01:49,243 - INFO - \U0001f527 Aplicando padronizações de vendas...
2025-09-14 17:01:50,513 - INFO - \U0001f527 Aplicando padronizações de vendas...
2025-09-14 17:01:52,220 - INFO - \u2705 Padronizações aplicadas. Shape final: (56742, 19)
2025-09-14 17:01:56,655 - INFO - \u2705 Padronizações aplicadas. Shape final: (56742, 19)
2025-09-14 17:02:00,507 - INFO - \u2705 Padronizações aplicadas. Shape final: (56742, 19)
2025-09-14 17:02:00,694 - INFO - \u2705 Padronizações aplicadas. Shape final: (56742, 19)
2025-09-14 17:02:01,080 - INFO - \u2705 Padronizações aplicadas. Shape final: (56742, 19)
2025-09-14 17:02:26,363 - INFO - \U0001f527 Aplicando padronizações de cotações...
2025-09-14 17:02:26,364 - INFO - \u2705 Padronizações aplicadas. Shape final: (15281, 9)
2025-09-14 17:02:42,140 - INFO - \U0001f527 Aplicando padronizações de vendas...
2025-09-14 17:02:45,293 - INFO - \u2705 Padronizações aplicadas. Shape final: (56742, 19)
2025-09-14 17:02:46,494 - INFO - \U0001f527 Aplicando padronizações de vendas...
2025-09-14 17:02:49,085 - INFO - \u2705 Padronizações aplicadas. Shape final: (56742, 19)
2025-09-14 17:02:49,645 - INFO - \U0001f527 Aplicando padronizações de vendas...
2025-09-14 17:02:50,006 - INFO - \U0001f527 Aplicando padronizações de vendas...
2025-09-14 17:02:55,546 - INFO - \u2705 Padronizações aplicadas. Shape final: (56742, 19)
2025-09-14 17:02:55,782 - INFO - \u2705 Padronizações aplicadas. Shape final: (56742, 19)
2025-09-14 17:02:56,029 - INFO - \U0001f527 Aplicando padronizações de cotações...
2025-09-14 17:02:56,029 - INFO - \u2705 Padronizações aplicadas. Shape final: (15281, 9)
2025-09-14 17:06:12,136 - INFO - \U0001f527 Aplicando padronizações de vendas...
2025-09-14 17:06:15,558 - INFO - \u2705 Padronizações aplicadas. Shape final: (56742, 19)
2025-09-14 17:06:15,888 - INFO - \U0001f527 Aplicando padronizações de vendas...
2025-09-14 17:06:20,074 - INFO - \u2705 Padronizações aplicadas. Shape final: (56742, 19)
2025-09-14 17:06:20,212 - INFO - \U0001f527 Aplicando padronizações de cotações...
2025-09-14 17:06:20,212 - INFO - \u2705 Padronizações aplicadas. Shape final: (15281, 9)
2025-09-14 17:10:20,772 - INFO - \U0001f527 Aplicando padronizações de vendas...
2025-09-14 17:10:23,294 - INFO - \u2705 Padronizações aplicadas. Shape final: (56742, 19)
2025-09-14 17:10:23,367 - INFO - \U0001f527 Aplicando padronizações de cotações...
2025-09-14 17:10:23,367 - INFO - \u2705 Padronizações aplicadas. Shape final: (15281, 9)
2025-09-14 17:13:44,843 - INFO - \U0001f527 Aplicando padronizações de vendas...
2025-09-14 17:13:49,817 - INFO - \u2705 Padronizações aplicadas. Shape final: (56742, 19)
2025-09-14 17:13:50,564 - INFO - \U0001f527 Aplicando padronizações de vendas...
2025-09-14 17:13:54,902 - INFO - \u2705 Padronizações aplicadas. Shape final: (56742, 19)
2025-09-14 17:13:55,010 - INFO - \U0001f527 Aplicando padronizações de cotações...
2025-09-14 17:13:55,010 - INFO - \u2705 Padronizações aplicadas. Shape final: (15281, 9)
2025-09-15 09:40:32,597 - INFO - \U0001f527 Aplicando padronizações de vendas...
2025-09-15 09:40:35,850 - INFO - \u2705 Padronizações aplicadas. Shape final: (56742, 19)
2025-09-15 09:40:46,465 - INFO - \U0001f527 Aplicando padronizações de vendas...
2025-09-15 09:40:51,238 - INFO - \u2705 Padronizações aplicadas. Shape final: (56742, 19)
2025-09-15 09:40:52,027 - INFO - \U0001f527 Aplicando padronizações de vendas...
2025-09-15 09:40:52,335 - INFO - \U0001f527 Aplicando padronizações de vendas...
2025-09-15 09:40:53,086 - INFO - \U0001f527 Aplicando padronizações de vendas...
2025-09-15 09:41:00,695 - INFO - \U0001f527 Aplicando padronizações de vendas...
2025-09-15 09:41:09,387 - INFO - \u2705 Padronizações aplicadas. Shape final: (56742, 19)
2025-09-15 09:41:10,238 - INFO - \u2705 Padronizações aplicadas. Shape final: (56742, 19)
2025-09-15 09:41:11,669 - INFO - \u2705 Padronizações aplicadas. Shape final: (56742, 19)
2025-09-15 09:41:13,792 - INFO - \u2705 Padronizações aplicadas. Shape final: (56742, 19)
2025-09-15 09:43:08,127 - INFO - \U0001f527 Aplicando padronizações de vendas...
2025-09-15 09:43:12,858 - INFO - \u2705 Padronizações aplicadas. Shape final: (56742, 19)
2025-09-15 09:43:26,594 - INFO - \U0001f527 Aplicando padronizações de vendas...
2025-09-15 09:43:31,154 - INFO - \u2705 Padronizações aplicadas. Shape final: (56742, 19)
2025-09-15 09:43:31,826 - INFO - \U0001f527 Aplicando padronizações de vendas...
2025-09-15 09:43:33,364 - INFO - \U0001f527 Aplicando padronizações de vendas...
2025-09-15 09:43:34,723 - INFO - \U0001f527 Aplicando padronizações de vendas...
2025-09-15 09:43:48,881 - INFO - \U0001f527 Aplicando padronizações de vendas...
2025-09-15 09:43:51,231 - INFO - \u2705 Padronizações aplicadas. Shape final: (56742, 19)
2025-09-15 09:43:59,583 - INFO - \u2705 Padronizações aplicadas. Shape final: (56742, 19)
2025-09-15 09:44:01,211 - INFO - \u2705 Padronizações aplicadas. Shape final: (56742, 19)
2025-09-15 09:44:04,132 - INFO - \u2705 Padronizações aplicadas. Shape final: (56742, 19)
2025-09-15 10:07:32,384 - INFO - \U0001f527 Aplicando padronizações de vendas...
2025-09-15 10:07:37,086 - INFO - \u2705 Padronizações aplicadas. Shape final: (56742, 19)
2025-09-15 10:07:44,608 - INFO - \U0001f527 Aplicando padronizações de vendas...
2025-09-15 10:07:46,408 - INFO - \U0001f527 Aplicando padronizações de cotações...
2025-09-15 10:07:46,422 - INFO - \u2705 Padronizações aplicadas. Shape final: (15281, 9)
2025-09-15 10:07:49,256 - INFO - \u2705 Padronizações aplicadas. Shape final: (56742, 19)
2025-09-15 10:07:50,313 - INFO - \U0001f527 Aplicando padronizações de vendas...
2025-09-15 10:07:54,503 - INFO - \u2705 Padronizações aplicadas. Shape final: (56742, 19)
2025-09-15 10:07:55,148 - INFO - \U0001f527 Aplicando padronizações de vendas...
2025-09-15 10:07:56,130 - INFO - \U0001f527 Aplicando padronizações de vendas...
2025-09-15 10:07:57,798 - INFO - \U0001f527 Aplicando padronizações de vendas...
2025-09-15 10:08:05,408 - INFO - \u2705 Padronizações aplicadas. Shape final: (56742, 19)
2025-09-15 10:08:06,872 - INFO - \u2705 Padronizações aplicadas. Shape final: (56742, 19)
2025-09-15 10:08:07,433 - INFO - \u2705 Padronizações aplicadas. Shape final: (56742, 19)
2025-09-15 10:12:40,201 - INFO - Dash is running on http://127.0.0.1:8050/

2025-09-15 10:14:51,430 - INFO - \U0001f527 Aplicando padronizações de vendas...
2025-09-15 10:14:55,150 - INFO - \u2705 Padronizações aplicadas. Shape final: (56742, 19)
2025-09-15 10:15:08,918 - INFO - \U0001f527 Aplicando padronizações de vendas...
2025-09-15 10:15:10,239 - INFO - \U0001f527 Aplicando padronizações de vendas...
2025-09-15 10:15:14,385 - INFO - \u2705 Padronizações aplicadas. Shape final: (56742, 19)
2025-09-15 10:15:15,499 - INFO - \u2705 Padronizações aplicadas. Shape final: (56742, 19)
2025-09-15 10:15:16,006 - INFO - \U0001f527 Aplicando padronizações de vendas...
2025-09-15 10:15:16,278 - INFO - \U0001f527 Aplicando padronizações de vendas...
2025-09-15 10:15:16,885 - INFO - \U0001f527 Aplicando padronizações de vendas...
2025-09-15 10:15:26,316 - INFO - \u2705 Padronizações aplicadas. Shape final: (56742, 19)
2025-09-15 10:15:27,039 - INFO - \u2705 Padronizações aplicadas. Shape final: (56742, 19)
2025-09-15 10:15:27,235 - INFO - \u2705 Padronizações aplicadas. Shape final: (56742, 19)
2025-09-15 10:16:07,490 - INFO - \U0001f527 Aplicando padronizações de vendas...
2025-09-15 10:16:10,829 - INFO - \u2705 Padronizações aplicadas. Shape final: (56742, 19)
2025-09-15 10:16:12,348 - INFO - \U0001f527 Aplicando padronizações de vendas...
2025-09-15 10:16:12,806 - INFO - \U0001f527 Aplicando padronizações de vendas...
2025-09-15 10:16:17,926 - INFO - \u2705 Padronizações aplicadas. Shape final: (56742, 19)
2025-09-15 10:16:18,497 - INFO - \u2705 Padronizações aplicadas. Shape final: (56742, 19)
2025-09-15 10:22:36,826 - INFO - \U0001f527 Aplicando padronizações de vendas...
2025-09-15 10:22:37,901 - INFO - \U0001f527 Aplicando padronizações de vendas...
2025-09-15 10:22:43,971 - INFO - \u2705 Padronizações aplicadas. Shape final: (56742, 19)
2025-09-15 10:22:44,913 - INFO - \u2705 Padronizações aplicadas. Shape final: (56742, 19)
2025-09-15 10:23:58,378 - INFO - \U0001f527 Aplicando padronizações de cotações...
2025-09-15 10:23:58,378 - INFO - \u2705 Padronizações aplicadas. Shape final: (15281, 9)
2025-09-15 10:30:08,516 - INFO - \U0001f527 Aplicando padronizações de vendas...
2025-09-15 10:30:13,002 - INFO - \u2705 Padronizações aplicadas. Shape final: (56742, 19)
2025-09-15 10:30:14,112 - INFO - \U0001f527 Aplicando padronizações de vendas...
2025-09-15 10:30:14,391 - INFO - \U0001f527 Aplicando padronizações de vendas...
2025-09-15 10:30:27,765 - INFO - \U0001f527 Aplicando padronizações de vendas...
2025-09-15 10:30:32,170 - INFO - \u2705 Padronizações aplicadas. Shape final: (56742, 19)
2025-09-15 10:30:32,940 - INFO - \U0001f527 Aplicando padronizações de vendas...
2025-09-15 10:30:36,484 - INFO - \u2705 Padronizações aplicadas. Shape final: (56742, 19)
2025-09-15 10:30:37,031 - INFO - \U0001f527 Aplicando padronizações de vendas...
2025-09-15 10:30:41,223 - INFO - \u2705 Padronizações aplicadas. Shape final: (56742, 19)
2025-09-15 10:31:53,324 - INFO - \U0001f527 Aplicando padronizações de vendas...
2025-09-15 10:31:58,080 - INFO - \u2705 Padronizações aplicadas. Shape final: (56742, 19)
2025-09-15 10:32:01,991 - INFO - \U0001f527 Aplicando padronizações de vendas...
2025-09-15 10:32:02,158 - INFO - \U0001f527 Aplicando padronizações de vendas...
2025-09-15 10:32:02,766 - INFO - \U0001f527 Aplicando padronizações de vendas...
2025-09-15 10:32:12,861 - INFO - \u2705 Padronizações aplicadas. Shape final: (56742, 19)
2025-09-15 10:32:12,933 - INFO - \u2705 Padronizações aplicadas. Shape final: (56742, 19)
2025-09-15 10:32:13,154 - INFO - \u2705 Padronizações aplicadas. Shape final: (56742, 19)
2025-09-15 10:32:40,462 - INFO - \U0001f527 Aplicando padronizações de vendas...
2025-09-15 10:32:44,555 - INFO - \u2705 Padronizações aplicadas. Shape final: (56742, 19)
2025-09-15 10:32:47,572 - INFO - \U0001f527 Aplicando padronizações de vendas...
2025-09-15 10:32:51,864 - INFO - \u2705 Padronizações aplicadas. Shape final: (56742, 19)
2025-09-15 10:32:52,428 - INFO - \U0001f527 Aplicando padronizações de vendas...
2025-09-15 10:32:57,449 - INFO - \u2705 Padronizações aplicadas. Shape final: (56742, 19)
2025-09-15 10:32:58,035 - INFO - \U0001f527 Aplicando padronizações de vendas...
2025-09-15 10:33:03,479 - INFO - \u2705 Padronizações aplicadas. Shape final: (56742, 19)
2025-09-15 10:33:52,360 - INFO - \U0001f527 Aplicando padronizações de vendas...
2025-09-15 10:33:58,068 - INFO - \u2705 Padronizações aplicadas. Shape final: (56742, 19)
2025-09-15 10:34:03,476 - INFO - \U0001f527 Aplicando padronizações de vendas...
2025-09-15 10:34:07,981 - INFO - \u2705 Padronizações aplicadas. Shape final: (56742, 19)
2025-09-15 10:34:08,874 - INFO - \U0001f527 Aplicando padronizações de vendas...
2025-09-15 10:34:09,051 - INFO - \U0001f527 Aplicando padronizações de vendas...
2025-09-15 10:34:18,407 - INFO - \u2705 Padronizações aplicadas. Shape final: (56742, 19)
2025-09-15 10:34:18,534 - INFO - \u2705 Padronizações aplicadas. Shape final: (56742, 19)
2025-09-15 10:34:35,159 - INFO - \U0001f527 Aplicando padronizações de vendas...
2025-09-15 10:34:42,642 - INFO - \u2705 Padronizações aplicadas. Shape final: (56742, 19)
2025-09-15 10:34:48,520 - INFO - \U0001f527 Aplicando padronizações de vendas...
2025-09-15 10:34:54,964 - INFO - \u2705 Padronizações aplicadas. Shape final: (56742, 19)
2025-09-15 10:34:55,815 - INFO - \U0001f527 Aplicando padronizações de vendas...
2025-09-15 10:34:56,730 - INFO - \U0001f527 Aplicando padronizações de vendas...
2025-09-15 10:35:55,160 - INFO - \U0001f527 Aplicando padronizações de vendas...
2025-09-15 10:36:02,872 - INFO - \u2705 Padronizações aplicadas. Shape final: (56742, 19)
2025-09-15 10:36:04,849 - INFO - \U0001f527 Aplicando padronizações de vendas...
2025-09-15 10:36:05,140 - INFO - \U0001f527 Aplicando padronizações de vendas...
2025-09-15 10:36:22,424 - INFO - \u2705 Padronizações aplicadas. Shape final: (56742, 19)
2025-09-15 10:36:23,030 - INFO - \u2705 Padronizações aplicadas. Shape final: (56742, 19)
2025-09-15 10:46:09,913 - INFO - Dash is running on http://127.0.0.1:8050/

2025-09-15 10:46:15,996 - INFO - \U0001f527 Aplicando padronizações de vendas...
2025-09-15 10:46:18,853 - INFO - \u2705 Padronizações aplicadas. Shape final: (56742, 19)
2025-09-15 10:46:21,367 - INFO - \U0001f527 Aplicando padronizações de vendas...
2025-09-15 10:46:23,051 - INFO - \U0001f527 Aplicando padronizações de vendas...
2025-09-15 10:46:26,173 - INFO - \u2705 Padronizações aplicadas. Shape final: (56742, 19)
2025-09-15 10:46:27,560 - INFO - \u2705 Padronizações aplicadas. Shape final: (56742, 19)
2025-09-15 10:46:27,842 - INFO - \U0001f527 Aplicando padronizações de vendas...
2025-09-15 10:46:31,680 - INFO - \u2705 Padronizações aplicadas. Shape final: (56742, 19)
2025-09-15 10:47:51,134 - INFO - \U0001f527 Aplicando padronizações de vendas...
2025-09-15 10:47:55,371 - INFO - \u2705 Padronizações aplicadas. Shape final: (56742, 19)
2025-09-15 10:47:58,576 - INFO - \U0001f527 Aplicando padronizações de vendas...
2025-09-15 10:48:03,482 - INFO - \u2705 Padronizações aplicadas. Shape final: (56742, 19)
2025-09-15 10:48:04,214 - INFO - \U0001f527 Aplicando padronizações de vendas...
2025-09-15 10:48:04,662 - INFO - \U0001f527 Aplicando padronizações de vendas...
2025-09-15 10:48:12,343 - INFO - \u2705 Padronizações aplicadas. Shape final: (56742, 19)
2025-09-15 10:48:12,641 - INFO - \u2705 Padronizações aplicadas. Shape final: (56742, 19)
2025-09-15 10:48:13,315 - INFO - \U0001f527 Aplicando padronizações de cotações...
2025-09-15 10:48:13,316 - INFO - \u2705 Padronizações aplicadas. Shape final: (15281, 9)
2025-09-15 10:48:13,396 - INFO - \U0001f527 Aplicando padronizações de cotações...
2025-09-15 10:48:13,397 - INFO - \u2705 Padronizações aplicadas. Shape final: (15281, 9)
2025-09-15 10:48:39,592 - INFO - \U0001f527 Aplicando padronizações de vendas...
2025-09-15 10:48:42,414 - INFO - \u2705 Padronizações aplicadas. Shape final: (56742, 19)
2025-09-15 10:48:43,414 - INFO - \U0001f527 Aplicando padronizações de vendas...
2025-09-15 10:48:43,645 - INFO - \U0001f527 Aplicando padronizações de vendas...
2025-09-15 10:48:48,838 - INFO - \u2705 Padronizações aplicadas. Shape final: (56742, 19)
2025-09-15 10:48:49,111 - INFO - \u2705 Padronizações aplicadas. Shape final: (56742, 19)
2025-09-15 10:48:49,342 - INFO - \U0001f527 Aplicando padronizações de cotações...
2025-09-15 10:48:49,342 - INFO - \u2705 Padronizações aplicadas. Shape final: (15281, 9)
2025-09-15 10:53:02,902 - INFO - Dash is running on http://127.0.0.1:8050/

2025-09-15 10:55:11,059 - INFO - \U0001f527 Aplicando padronizações de vendas...
2025-09-15 10:55:13,911 - INFO - \u2705 Padronizações aplicadas. Shape final: (56742, 19)
2025-09-15 10:55:25,894 - INFO - \U0001f527 Aplicando padronizações de vendas...
2025-09-15 10:55:26,449 - INFO - \U0001f527 Aplicando padronizações de vendas...
2025-09-15 10:55:30,916 - INFO - \u2705 Padronizações aplicadas. Shape final: (56742, 19)
2025-09-15 10:55:31,635 - INFO - \U0001f527 Aplicando padronizações de vendas...
2025-09-15 10:55:32,103 - INFO - \u2705 Padronizações aplicadas. Shape final: (56742, 19)
2025-09-15 10:55:32,500 - INFO - \U0001f527 Aplicando padronizações de vendas...
2025-09-15 10:55:32,624 - INFO - \U0001f527 Aplicando padronizações de vendas...
2025-09-15 10:55:40,524 - INFO - \u2705 Padronizações aplicadas. Shape final: (56742, 19)
2025-09-15 10:55:41,346 - INFO - \u2705 Padronizações aplicadas. Shape final: (56742, 19)
2025-09-15 10:55:41,488 - INFO - \u2705 Padronizações aplicadas. Shape final: (56742, 19)
2025-09-15 10:56:05,583 - INFO - \U0001f527 Aplicando padronizações de vendas...
2025-09-15 10:56:08,586 - INFO - \u2705 Padronizações aplicadas. Shape final: (56742, 19)
2025-09-15 10:56:10,533 - INFO - \U0001f527 Aplicando padronizações de vendas...
2025-09-15 10:56:11,104 - INFO - \U0001f527 Aplicando padronizações de vendas...
2025-09-15 10:56:16,142 - INFO - \U0001f527 Aplicando padronizações de vendas...
2025-09-15 10:56:18,226 - INFO - \u2705 Padronizações aplicadas. Shape final: (56742, 19)
2025-09-15 10:56:21,249 - INFO - \u2705 Padronizações aplicadas. Shape final: (56742, 19)
2025-09-15 10:56:24,523 - INFO - \u2705 Padronizações aplicadas. Shape final: (56742, 19)
2025-09-15 10:56:46,236 - INFO - \U0001f527 Aplicando padronizações de cotações...
2025-09-15 10:56:46,236 - INFO - \u2705 Padronizações aplicadas. Shape final: (15281, 9)
2025-09-15 10:59:57,338 - INFO - \U0001f527 Aplicando padronizações de vendas...
2025-09-15 11:00:27,945 - INFO - \U0001f527 Aplicando padronizações de vendas...
2025-09-15 11:00:32,697 - INFO - \u2705 Padronizações aplicadas. Shape final: (56742, 19)
2025-09-15 11:00:38,251 - INFO - \U0001f527 Aplicando padronizações de vendas...
2025-09-15 11:00:38,591 - INFO - \U0001f527 Aplicando padronizações de vendas...
2025-09-15 11:00:49,651 - INFO - \u2705 Padronizações aplicadas. Shape final: (56742, 19)
2025-09-15 11:00:50,020 - INFO - \u2705 Padronizações aplicadas. Shape final: (56742, 19)
2025-09-15 11:00:50,110 - INFO - \U0001f527 Aplicando padronizações de vendas...
2025-09-15 11:01:10,328 - INFO - \U0001f527 Aplicando padronizações de vendas...
2025-09-15 11:01:13,717 - INFO - \u2705 Padronizações aplicadas. Shape final: (56742, 19)
2025-09-15 11:01:23,636 - INFO - \U0001f527 Aplicando padronizações de vendas...
2025-09-15 11:01:26,407 - INFO - \u2705 Padronizações aplicadas. Shape final: (56742, 19)
2025-09-15 11:01:27,083 - INFO - \U0001f527 Aplicando padronizações de vendas...
2025-09-15 11:01:33,300 - INFO - \u2705 Padronizações aplicadas. Shape final: (56742, 19)
2025-09-15 11:01:34,406 - INFO - \U0001f527 Aplicando padronizações de vendas...
2025-09-15 11:01:35,191 - INFO - \U0001f527 Aplicando padronizações de vendas...
2025-09-15 11:01:42,568 - INFO - \u2705 Padronizações aplicadas. Shape final: (56742, 19)
2025-09-15 11:01:42,971 - INFO - \u2705 Padronizações aplicadas. Shape final: (56742, 19)
2025-09-15 11:01:43,171 - INFO - \U0001f527 Aplicando padronizações de cotações...
2025-09-15 11:01:43,172 - INFO - \u2705 Padronizações aplicadas. Shape final: (15281, 9)
2025-09-15 11:02:41,170 - INFO - \U0001f527 Aplicando padronizações de vendas...
2025-09-15 11:02:43,649 - INFO - \u2705 Padronizações aplicadas. Shape final: (56742, 19)
2025-09-15 11:02:46,372 - INFO - \U0001f527 Aplicando padronizações de vendas...
2025-09-15 11:02:46,489 - INFO - \U0001f527 Aplicando padronizações de vendas...
2025-09-15 11:02:47,164 - INFO - \U0001f527 Aplicando padronizações de vendas...
2025-09-15 11:02:53,836 - INFO - \u2705 Padronizações aplicadas. Shape final: (56742, 19)
2025-09-15 11:02:54,456 - INFO - \u2705 Padronizações aplicadas. Shape final: (56742, 19)
2025-09-15 11:02:54,962 - INFO - \u2705 Padronizações aplicadas. Shape final: (56742, 19)
2025-09-15 11:02:55,146 - INFO - \U0001f527 Aplicando padronizações de cotações...
2025-09-15 11:02:55,146 - INFO - \u2705 Padronizações aplicadas. Shape final: (15281, 9)
2025-09-15 11:05:38,681 - INFO - Dash is running on http://127.0.0.1:8050/

2025-09-15 11:05:42,362 - INFO - \U0001f527 Aplicando padronizações de vendas...
2025-09-15 11:05:45,787 - INFO - \u2705 Padronizações aplicadas. Shape final: (56742, 19)
2025-09-15 11:05:48,594 - INFO - \U0001f527 Aplicando padronizações de vendas...
2025-09-15 11:05:48,745 - INFO - \U0001f527 Aplicando padronizações de vendas...
2025-09-15 11:05:54,567 - INFO - \U0001f527 Aplicando padronizações de vendas...
2025-09-15 11:05:55,948 - INFO - \u2705 Padronizações aplicadas. Shape final: (56742, 19)
2025-09-15 11:05:56,347 - INFO - \u2705 Padronizações aplicadas. Shape final: (56742, 19)
2025-09-15 11:05:59,691 - INFO - \u2705 Padronizações aplicadas. Shape final: (56742, 19)
2025-09-15 11:05:59,977 - INFO - \U0001f527 Aplicando padronizações de cotações...
2025-09-15 11:05:59,977 - INFO - \u2705 Padronizações aplicadas. Shape final: (15281, 9)
2025-09-15 11:09:29,928 - INFO - \U0001f527 Aplicando padronizações de vendas...
2025-09-15 11:09:30,367 - INFO - \U0001f527 Aplicando padronizações de vendas...
2025-09-15 11:09:37,145 - INFO - \u2705 Padronizações aplicadas. Shape final: (56742, 19)
2025-09-15 11:09:37,526 - INFO - \u2705 Padronizações aplicadas. Shape final: (56742, 19)
2025-09-15 11:09:37,693 - INFO - \U0001f527 Aplicando padronizações de vendas...
2025-09-15 11:09:39,314 - INFO - \U0001f527 Aplicando padronizações de vendas...
2025-09-15 11:09:39,866 - INFO - \U0001f527 Aplicando padronizações de vendas...
2025-09-15 11:09:47,295 - INFO - \u2705 Padronizações aplicadas. Shape final: (56742, 19)
2025-09-15 11:09:49,816 - INFO - \u2705 Padronizações aplicadas. Shape final: (56742, 19)
2025-09-15 11:09:49,971 - INFO - \u2705 Padronizações aplicadas. Shape final: (56742, 19)
2025-09-15 11:09:50,581 - INFO - \U0001f527 Aplicando padronizações de vendas...
2025-09-15 11:09:54,010 - INFO - \u2705 Padronizações aplicadas. Shape final: (56742, 19)
2025-09-15 11:17:07,209 - INFO - Dash is running on http://127.0.0.1:8050/

2025-09-15 11:18:52,742 - INFO - \U0001f527 Aplicando padronizações de vendas...
2025-09-15 11:18:56,889 - INFO - \u2705 Padronizações aplicadas. Shape final: (56742, 19)
2025-09-15 11:19:15,310 - INFO - \U0001f527 Aplicando padronizações de vendas...
2025-09-15 11:19:15,972 - INFO - \U0001f527 Aplicando padronizações de vendas...
2025-09-15 11:19:21,873 - INFO - \u2705 Padronizações aplicadas. Shape final: (56742, 19)
2025-09-15 11:19:22,058 - INFO - \u2705 Padronizações aplicadas. Shape final: (56742, 19)
2025-09-15 11:19:22,768 - INFO - \U0001f527 Aplicando padronizações de vendas...
2025-09-15 11:19:23,175 - INFO - \U0001f527 Aplicando padronizações de vendas...
2025-09-15 11:19:23,675 - INFO - \U0001f527 Aplicando padronizações de vendas...
2025-09-15 11:19:36,363 - INFO - \u2705 Padronizações aplicadas. Shape final: (56742, 19)
2025-09-15 11:19:36,640 - INFO - \u2705 Padronizações aplicadas. Shape final: (56742, 19)
2025-09-15 11:19:36,727 - INFO - \u2705 Padronizações aplicadas. Shape final: (56742, 19)
2025-09-15 11:20:16,771 - INFO - \U0001f527 Aplicando padronizações de cotações...
2025-09-15 11:20:16,772 - INFO - \u2705 Padronizações aplicadas. Shape final: (15281, 9)
2025-09-15 11:26:21,564 - INFO - \U0001f527 Aplicando padronizações de vendas...
2025-09-15 11:26:30,546 - INFO - \u2705 Padronizações aplicadas. Shape final: (56742, 19)
2025-09-15 11:26:32,135 - INFO - \U0001f527 Aplicando padronizações de vendas...
2025-09-15 11:26:37,588 - INFO - \U0001f527 Aplicando padronizações de vendas...
2025-09-15 11:26:42,970 - INFO - \u2705 Padronizações aplicadas. Shape final: (56742, 19)
2025-09-15 11:26:45,691 - INFO - \U0001f527 Aplicando padronizações de vendas...
2025-09-15 11:26:45,796 - INFO - \U0001f527 Aplicando padronizações de vendas...
2025-09-15 11:26:59,857 - INFO - \u2705 Padronizações aplicadas. Shape final: (56742, 19)
2025-09-15 11:27:05,704 - INFO - \u2705 Padronizações aplicadas. Shape final: (56742, 19)
2025-09-15 11:27:06,162 - INFO - \u2705 Padronizações aplicadas. Shape final: (56742, 19)
2025-09-15 11:27:06,846 - INFO - \U0001f527 Aplicando padronizações de vendas...
2025-09-15 11:27:14,512 - INFO - \u2705 Padronizações aplicadas. Shape final: (56742, 19)
2025-09-15 11:32:42,641 - INFO - Dash is running on http://127.0.0.1:8050/

2025-09-15 11:33:08,841 - INFO - \U0001f527 Aplicando padronizações de vendas...
2025-09-15 11:33:14,862 - INFO - \u2705 Padronizações aplicadas. Shape final: (56742, 19)
2025-09-15 11:33:37,907 - INFO - \U0001f527 Aplicando padronizações de vendas...
2025-09-15 11:33:43,749 - INFO - \u2705 Padronizações aplicadas. Shape final: (56742, 19)
2025-09-15 11:33:44,493 - INFO - \U0001f527 Aplicando padronizações de vendas...
2025-09-15 11:33:46,092 - INFO - \U0001f527 Aplicando padronizações de vendas...
2025-09-15 11:33:55,963 - INFO - \u2705 Padronizações aplicadas. Shape final: (56742, 19)
2025-09-15 11:33:57,822 - INFO - \u2705 Padronizações aplicadas. Shape final: (56742, 19)
2025-09-15 11:33:58,268 - INFO - \U0001f527 Aplicando padronizações de vendas...
2025-09-15 11:33:58,891 - INFO - \U0001f527 Aplicando padronizações de vendas...
2025-09-15 11:34:11,365 - INFO - \u2705 Padronizações aplicadas. Shape final: (56742, 19)
2025-09-15 11:34:12,299 - INFO - \u2705 Padronizações aplicadas. Shape final: (56742, 19)
2025-09-15 11:35:08,443 - INFO - \U0001f527 Aplicando padronizações de vendas...
2025-09-15 11:35:11,478 - INFO - \u2705 Padronizações aplicadas. Shape final: (56742, 19)
2025-09-15 11:35:19,798 - INFO - \U0001f527 Aplicando padronizações de vendas...
2025-09-15 11:35:22,946 - INFO - \u2705 Padronizações aplicadas. Shape final: (56742, 19)
2025-09-15 11:35:23,497 - INFO - \U0001f527 Aplicando padronizações de vendas...
2025-09-15 11:35:26,539 - INFO - \u2705 Padronizações aplicadas. Shape final: (56742, 19)
2025-09-15 11:35:26,955 - INFO - \U0001f527 Aplicando padronizações de vendas...
2025-09-15 11:35:29,853 - INFO - \u2705 Padronizações aplicadas. Shape final: (56742, 19)
2025-09-15 11:35:30,426 - INFO - \U0001f527 Aplicando padronizações de vendas...
2025-09-15 11:35:30,584 - INFO - \U0001f527 Aplicando padronizações de vendas...
2025-09-15 11:35:36,096 - INFO - \u2705 Padronizações aplicadas. Shape final: (56742, 19)
2025-09-15 11:35:36,319 - INFO - \u2705 Padronizações aplicadas. Shape final: (56742, 19)
2025-09-15 13:23:41,456 - INFO - Dash is running on http://127.0.0.1:8050/

2025-09-15 13:42:53,203 - INFO - Dash is running on http://127.0.0.1:8050/

2025-09-15 13:49:55,204 - INFO - \U0001f527 Aplicando padronizações de vendas...
2025-09-15 13:49:58,087 - INFO - \u2705 Padronizações aplicadas. Shape final: (56742, 19)
2025-09-15 13:50:12,589 - INFO - \U0001f527 Aplicando padronizações de vendas...
2025-09-15 13:50:13,107 - INFO - \U0001f527 Aplicando padronizações de vendas...
2025-09-15 13:50:18,199 - INFO - \U0001f527 Aplicando padronizações de vendas...
2025-09-15 13:50:20,810 - INFO - \u2705 Padronizações aplicadas. Shape final: (56742, 19)
2025-09-15 13:50:22,479 - INFO - \u2705 Padronizações aplicadas. Shape final: (56742, 19)
2025-09-15 13:50:26,321 - INFO - \U0001f527 Aplicando padronizações de vendas...
2025-09-15 13:50:47,900 - INFO - \U0001f527 Aplicando padronizações de vendas...
2025-09-15 13:50:51,206 - INFO - \u2705 Padronizações aplicadas. Shape final: (56742, 19)
2025-09-15 13:51:04,264 - INFO - \U0001f527 Aplicando padronizações de vendas...
2025-09-15 13:51:10,300 - INFO - \u2705 Padronizações aplicadas. Shape final: (56742, 19)
2025-09-15 13:51:11,383 - INFO - \U0001f527 Aplicando padronizações de vendas...
2025-09-15 13:51:14,544 - INFO - \U0001f527 Aplicando padronizações de vendas...
2025-09-15 13:51:18,191 - INFO - \u2705 Padronizações aplicadas. Shape final: (56742, 19)
2025-09-15 13:51:19,982 - INFO - \U0001f527 Aplicando padronizações de vendas...
2025-09-15 13:51:23,140 - INFO - \u2705 Padronizações aplicadas. Shape final: (56742, 19)
2025-09-15 13:51:25,128 - INFO - \U0001f527 Aplicando padronizações de vendas...
2025-09-15 13:51:27,874 - INFO - \u2705 Padronizações aplicadas. Shape final: (56742, 19)
2025-09-15 13:51:31,425 - INFO - \u2705 Padronizações aplicadas. Shape final: (56742, 19)
2025-09-15 13:53:39,232 - INFO - \U0001f527 Aplicando padronizações de cotações...
2025-09-15 13:53:39,233 - INFO - \u2705 Padronizações aplicadas. Shape final: (15281, 9)
2025-09-15 13:55:33,525 - INFO - \U0001f527 Aplicando padronizações de vendas...
2025-09-15 13:55:37,057 - INFO - \u2705 Padronizações aplicadas. Shape final: (56742, 19)
2025-09-15 13:57:19,299 - INFO - \U0001f527 Aplicando padronizações de cotações...
2025-09-15 13:57:19,300 - INFO - \u2705 Padronizações aplicadas. Shape final: (15281, 9)
2025-09-15 14:03:09,365 - INFO - \U0001f527 Aplicando padronizações de vendas...
2025-09-15 14:03:17,484 - INFO - \u2705 Padronizações aplicadas. Shape final: (56742, 19)
2025-09-15 14:03:18,705 - INFO - \U0001f527 Aplicando padronizações de vendas...
2025-09-15 14:03:27,683 - INFO - \u2705 Padronizações aplicadas. Shape final: (56742, 19)
2025-09-15 14:03:27,941 - INFO - \U0001f527 Aplicando padronizações de cotações...
2025-09-15 14:03:27,942 - INFO - \u2705 Padronizações aplicadas. Shape final: (15281, 9)
2025-09-15 14:04:49,093 - INFO - \U0001f527 Aplicando padronizações de vendas...
2025-09-15 14:04:55,981 - INFO - \u2705 Padronizações aplicadas. Shape final: (56742, 19)
2025-09-15 14:04:57,188 - INFO - \U0001f527 Aplicando padronizações de vendas...
2025-09-15 14:05:05,591 - INFO - \u2705 Padronizações aplicadas. Shape final: (56742, 19)
2025-09-15 14:05:05,783 - INFO - \U0001f527 Aplicando padronizações de cotações...
2025-09-15 14:05:05,784 - INFO - \u2705 Padronizações aplicadas. Shape final: (15281, 9)
2025-09-15 14:06:17,019 - INFO - \U0001f527 Aplicando padronizações de vendas...
2025-09-15 14:06:24,580 - INFO - \u2705 Padronizações aplicadas. Shape final: (56742, 19)
2025-09-15 14:06:25,058 - INFO - \U0001f527 Aplicando padronizações de vendas...
2025-09-15 14:06:25,829 - INFO - \U0001f527 Aplicando padronizações de cotações...
2025-09-15 14:06:25,846 - INFO - \u2705 Padronizações aplicadas. Shape final: (15281, 9)
2025-09-15 14:06:45,715 - INFO - Dash is running on http://127.0.0.1:8050/

2025-09-15 14:06:47,041 - INFO - \U0001f527 Aplicando padronizações de vendas...
2025-09-15 14:06:53,489 - INFO - \u2705 Padronizações aplicadas. Shape final: (56742, 19)
2025-09-15 14:06:54,167 - INFO - \U0001f527 Aplicando padronizações de vendas...
2025-09-15 14:07:01,068 - INFO - \u2705 Padronizações aplicadas. Shape final: (56742, 19)
2025-09-15 14:07:01,493 - INFO - \U0001f527 Aplicando padronizações de cotações...
2025-09-15 14:07:01,495 - INFO - \u2705 Padronizações aplicadas. Shape final: (15281, 9)
2025-09-15 14:08:36,636 - INFO - \U0001f527 Aplicando padronizações de vendas...
2025-09-15 14:08:40,643 - INFO - \u2705 Padronizações aplicadas. Shape final: (56742, 19)
2025-09-15 14:08:41,115 - INFO - \U0001f527 Aplicando padronizações de vendas...
2025-09-15 14:08:44,575 - INFO - \u2705 Padronizações aplicadas. Shape final: (56742, 19)
2025-09-15 14:08:44,719 - INFO - \U0001f527 Aplicando padronizações de cotações...
2025-09-15 14:08:44,720 - INFO - \u2705 Padronizações aplicadas. Shape final: (15281, 9)
2025-09-15 14:11:56,869 - INFO - \U0001f527 Aplicando padronizações de vendas...
2025-09-15 14:12:00,067 - INFO - \u2705 Padronizações aplicadas. Shape final: (56742, 19)
2025-09-15 14:12:00,182 - INFO - \U0001f527 Aplicando padronizações de cotações...
2025-09-15 14:12:00,183 - INFO - \u2705 Padronizações aplicadas. Shape final: (15281, 9)
